name,email,credit card,credit card type,amount,stock industry,stock market
Debor,dyousef0@istockphoto.com,342815990136788,americanexpress,$237966.97,Telecommunications Equipment,NYSE
Latia,llefrank1@netscape.com,3575359795094373,jcb,$371159.58,Biotechnology: Electromedical & Electrotherapeutic Apparatus,NASDAQ
Marja,mlote2@youku.com,3572113763486324,jcb,$243213.18,Electrical Products,NASDAQ
Kristal,kcastagno3@wikispaces.com,5124804970966730,mastercard,$202.43,Property-Casualty Insurers,NYSE
Emili,efaier4@bloomberg.com,4041596496602715,visa,$410244.20,Homebuilding,NYSE
Georgeanne,gstebbins5@mashable.com,4905089991897787,switch,$436518.43,Electronic Components,NYSE
Vicki,vdewdeny6@zdnet.com,3571352310635162,jcb,$61207.26,n/a,NYSE
Douglass,dclair7@whitehouse.gov,3569891457865961,jcb,$490846.76,n/a,NYSE
Jarrett,jsebrens8@nationalgeographic.com,3560308060497636,jcb,$21262.00,Industrial Specialties,NYSE
Barb,bdomino9@marriott.com,201975307074351,diners-club-enroute,$496817.28,Major Pharmaceuticals,NASDAQ
Vail,vdonnera@cornell.edu,3572656787786525,jcb,$29191.53,Telecommunications Equipment,NASDAQ
Gustavo,gkitcattb@reddit.com,5602246410860712,bankcard,$21976.59,n/a,NYSE
Lindy,lrummingsc@discovery.com,3562836888455665,jcb,$484157.86,Major Pharmaceuticals,NASDAQ
Saree,sfeatonbyd@addthis.com,6331104605419074897,switch,$489626.00,Restaurants,NASDAQ
Ty,tvargae@wikia.com,564182105114231683,switch,$499520.54,Business Services,NASDAQ
Kearney,kmcgeorgef@wufoo.com,5358148949468882,mastercard,$440521.40,Computer Communications Equipment,NASDAQ
Cahra,chawksleyg@instagram.com,3529561746401394,jcb,$299906.03,Semiconductors,NASDAQ
Ash,abaudih@xing.com,3571384144427334,jcb,$429738.32,Major Pharmaceuticals,NASDAQ
Lusa,lfroggatti@mayoclinic.com,5610067674251137,bankcard,$37851.82,Computer Manufacturing,NYSE
Jaine,jspurierj@last.fm,676307951743202187,maestro,$318993.73,Radio And Television Broadcasting And Communications Equipment,NASDAQ
Ceil,chammantk@ft.com,3544353828843425,jcb,$75186.28,Other Specialty Stores,NYSE
Meta,memtagel@icq.com,6388946642869732,instapayment,$39745.68,n/a,NYSE
Kendrick,kbakeupm@tripadvisor.com,5048371499010534,mastercard,$492071.10,Plastic Products,NYSE
Mateo,mlagon@oakley.com,3559053774158263,jcb,$306469.70,Major Banks,NASDAQ
Jodie,jyakobo@virginia.edu,3567001263950971,jcb,$92603.89,Computer Software: Prepackaged Software,NASDAQ
Ezequiel,edunbabinp@unicef.org,5010120540176693,mastercard,$60225.19,Hotels/Resorts,NYSE
Ruperta,rbiestyq@dmoz.org,3575837788148538,jcb,$356053.01,Recreational Products/Toys,NASDAQ
Dot,dbodillr@naver.com,3544101288829784,jcb,$156997.17,Major Pharmaceuticals,NASDAQ
Cassie,cmccraines@cpanel.net,374283297518979,americanexpress,$173301.71,Aerospace,NYSE
Nessy,nbeavent@surveymonkey.com,3576699380350220,jcb,$486965.39,Major Banks,NASDAQ
Grier,grudeyeardu@histats.com,4017951970909450,visa,$417839.21,Major Banks,NASDAQ
Cleve,caspenlonv@wunderground.com,5531045513821324,mastercard,$78845.67,n/a,NASDAQ
Gaylene,gstealyw@netscape.com,3558134680489520,jcb,$229745.81,n/a,NYSE
Cyrus,cmarczykx@cnbc.com,3549972470328073,jcb,$237775.44,Investment Managers,NYSE
Donetta,dgatchy@gizmodo.com,30375366862852,diners-club-carte-blanche,$193146.26,Business Services,NASDAQ
Clayton,cvalintinez@squarespace.com,3530146181129671,jcb,$115559.04,Publishing,NYSE
Christabel,cmenzies10@earthlink.net,56022368484214801,china-unionpay,$324999.17,n/a,NYSE
Margarete,mlawtey11@taobao.com,3579188740989403,jcb,$257296.34,Major Pharmaceuticals,NASDAQ
Selestina,sbulleyn12@vkontakte.ru,30404645800853,diners-club-carte-blanche,$335177.32,Major Banks,NASDAQ
Jere,jscrivin13@tinypic.com,3580373762831728,jcb,$58755.53,n/a,NYSE
Augustine,apaul14@cisco.com,5007661409532430,mastercard,$124463.24,Property-Casualty Insurers,NYSE
Thea,tminchella15@who.int,201604357724067,diners-club-enroute,$399681.11,Television Services,NASDAQ
Austin,aavent16@youtu.be,4405436299835206,visa-electron,$358481.96,Real Estate Investment Trusts,NYSE
Damian,dcanadine17@timesonline.co.uk,3574719659990738,jcb,$44827.02,Catalog/Specialty Distribution,NYSE
Ingmar,idiegan18@reuters.com,201885079644259,diners-club-enroute,$432084.21,Major Pharmaceuticals,NASDAQ
Augustine,acoronado19@skype.com,6372337329731924,instapayment,$263543.19,Hotels/Resorts,NASDAQ
Monique,mglas1a@fotki.com,3550485139414099,jcb,$225128.12,Clothing/Shoe/Accessory Stores,NYSE
Teodoor,tkochlin1b@google.pl,36977891785575,diners-club-international,$29338.64,Major Banks,NASDAQ
Trescha,twordington1c@hubpages.com,67639457369465794,maestro,$491450.72,Medical/Dental Instruments,NYSE
Scarlet,sjeremaes1d@bloglovin.com,3573072738822360,jcb,$36618.75,Real Estate Investment Trusts,NYSE
Phaedra,pshellard1e@utexas.edu,3556135445336361,jcb,$230551.32,Major Chemicals,NASDAQ
Curr,cblaby1f@joomla.org,6395792813927292,instapayment,$216123.00,Major Pharmaceuticals,NASDAQ
Tony,tzealander1g@sourceforge.net,5266830951576147,mastercard,$483359.80,Office Equipment/Supplies/Services,NASDAQ
Godfrey,gsnookes1h@hibu.com,56022431811216152,china-unionpay,$206322.68,Real Estate Investment Trusts,NYSE
Andee,anisard1i@sitemeter.com,6767901848619136112,solo,$282346.96,Property-Casualty Insurers,NYSE
Karoly,khawkin1j@elpais.com,4405517726406933,visa-electron,$288838.82,Other Consumer Services,NYSE
Margarette,mdonkersley1k@yolasite.com,3569187038856995,jcb,$374671.40,Metal Fabrications,NYSE
Rafa,rbroose1l@last.fm,3578602670500205,jcb,$16866.39,Major Banks,NASDAQ
Farah,fdansken1m@plala.or.jp,564182407772819027,switch,$282137.91,EDP Services,NYSE
Kaela,kbirtley1n@multiply.com,5108757277838426,mastercard,$436975.06,n/a,NASDAQ
Margaretha,mlidierth1o@springer.com,201817146316371,diners-club-enroute,$431027.76,Computer Software: Prepackaged Software,NYSE
Darrell,dmccall1p@hhs.gov,3588114554141120,jcb,$226318.79,Railroads,NASDAQ
Sharia,smatches1q@seattletimes.com,5426295478563597,diners-club-us-ca,$474050.95,Business Services,NASDAQ
Lenette,lsaxton1r@alexa.com,374622306856773,americanexpress,$88934.13,Fluid Controls,NYSE
Lukas,lbetton1s@dot.gov,5242870793485387,mastercard,$292123.13,Major Banks,NASDAQ
Milissent,mkupec1t@engadget.com,201561032181354,diners-club-enroute,$26680.81,Military/Government/Technical,NYSE
Erena,emachoste1u@auda.org.au,67099747882094417,laser,$475703.99,Major Banks,NASDAQ
Orville,oharbidge1v@slideshare.net,3578933342853593,jcb,$22134.59,Computer Software: Prepackaged Software,NASDAQ
Sheridan,sleftwich1w@photobucket.com,3589627546378533,jcb,$142293.88,Natural Gas Distribution,NYSE
Candra,cporrett1x@answers.com,4508356901676879,visa-electron,$77181.99,Real Estate Investment Trusts,NASDAQ
Arnold,ahyam1y@ezinearticles.com,5602253300914674,bankcard,$308113.79,n/a,NASDAQ
Thor,tmitchinson1z@pcworld.com,3537705275281889,jcb,$80661.37,Restaurants,NASDAQ
Sisile,scastanyer20@reverbnation.com,5191465069255027,mastercard,$176500.65,Major Pharmaceuticals,NASDAQ
Agnesse,amaccourt21@nps.gov,3566716694639452,jcb,$7409.50,Biotechnology: Biological Products (No Diagnostic Substances),NASDAQ
Glynnis,gfice22@ocn.ne.jp,201766571401200,diners-club-enroute,$178114.99,Industrial Machinery/Components,NASDAQ
Granville,ggherardini23@themeforest.net,4936088560936441,switch,$125691.55,EDP Services,NASDAQ
Kris,kcatterick24@liveinternet.ru,3557056448707052,jcb,$33104.34,Environmental Services,NASDAQ
Abran,adongles25@apple.com,3529757099817919,jcb,$58543.34,Major Pharmaceuticals,NASDAQ
Jennica,jdurrad26@altervista.org,3534573255350774,jcb,$131631.24,n/a,NYSE
Boyd,balldre27@free.fr,3578903573085421,jcb,$20492.00,Construction/Ag Equipment/Trucks,NASDAQ
Herbert,hjeremiah28@yellowpages.com,3538169562369023,jcb,$276753.28,Real Estate Investment Trusts,NYSE
Boycie,bquarry29@t-online.de,3543343002962647,jcb,$25582.27,Industrial Machinery/Components,NYSE
Letisha,lcordon2a@archive.org,3569907203069318,jcb,$289351.92,Major Banks,NYSE
Waiter,wberkery2b@gizmodo.com,3557999605193766,jcb,$270251.15,n/a,NYSE
Margarethe,morlton2c@npr.org,4041372983513173,visa,$399303.20,n/a,NYSE
Hedvige,hfogt2d@constantcontact.com,5602219330725737,bankcard,$355286.20,Computer Software: Prepackaged Software,NYSE
Orton,ogilyott2e@aol.com,3571026268196951,jcb,$7288.31,"Computer Software: Programming, Data Processing",NASDAQ
Ive,irathbone2f@indiatimes.com,3556764926098750,jcb,$174449.87,n/a,NYSE
Scottie,sgounod2g@barnesandnoble.com,5038925907285186,maestro,$354496.22,Major Banks,NASDAQ
Kerwin,kgoldspink2h@hugedomains.com,5610783673941508,bankcard,$273784.36,Metal Fabrications,NASDAQ
Rudolf,rmcilriach2i@google.com.hk,5602214297845859,bankcard,$185398.96,Major Chemicals,NASDAQ
Niles,nbeecraft2j@ucla.edu,490368975237421385,switch,$370967.59,Property-Casualty Insurers,NASDAQ
Bartlet,bkavanagh2k@soundcloud.com,5576717753746876,diners-club-us-ca,$118067.97,Home Furnishings,NASDAQ
Meg,mrubberts2l@eepurl.com,5404812175362259,mastercard,$419876.62,n/a,NYSE
Weidar,wcadalleder2m@state.tx.us,3530127680403783,jcb,$86954.85,Professional Services,NYSE
Clerissa,clapping2n@bbb.org,676214022628576806,maestro,$377674.66,Major Banks,NASDAQ
Jennee,jkirlin2o@businesswire.com,3583610297862315,jcb,$956.55,Major Chemicals,NASDAQ
Zsa zsa,zdeverson2p@opensource.org,6706534492798212,laser,$458958.34,Major Banks,NASDAQ
Tracee,tmckain2q@cpanel.net,3576184527497705,jcb,$17931.21,Oil & Gas Production,NYSE
Darnall,dhoppner2r@apple.com,3557311998675146,jcb,$15710.93,Department/Specialty Retail Stores,NASDAQ
Guinna,gaizik2s@de.vu,3577798187382102,jcb,$17188.21,Natural Gas Distribution,NYSE
Jacqueline,jgoodall2t@zimbio.com,3558546239022082,jcb,$305655.94,Industrial Machinery/Components,NASDAQ
Adolf,acrewe2u@quantcast.com,5610186521763119320,china-unionpay,$109797.51,Specialty Chemicals,NASDAQ
Gavin,gnorthcote2v@shutterfly.com,3584406583971129,jcb,$30789.30,Computer Software: Prepackaged Software,NASDAQ
Dionne,daish2w@ibm.com,36004805843661,diners-club-international,$271706.11,Trucking Freight/Courier Services,NASDAQ
Ddene,dmcard2x@ed.gov,3585890270469423,jcb,$83293.25,Beverages (Production/Distribution),NYSE
Gerard,gchaster2y@walmart.com,6709488013022967669,laser,$67893.08,n/a,NASDAQ
Francis,ffullard2z@freewebs.com,4405405261728558,visa-electron,$17781.01,Savings Institutions,NASDAQ
Fleurette,fsimkiss30@sphinn.com,3546923169523675,jcb,$259573.86,Packaged Foods,NYSE
Florella,fsecretan31@dagondesign.com,633110351200091041,switch,$340852.87,Major Pharmaceuticals,NASDAQ
Berty,bvanderweedenburg32@army.mil,3530079874543975,jcb,$315239.53,Business Services,NYSE
Lula,lingerfield33@statcounter.com,5602219724503644429,china-unionpay,$225669.58,Major Banks,NYSE
Nils,nminchin34@tmall.com,3580384385392345,jcb,$294308.58,Electric Utilities: Central,NYSE
Gayler,gheffy35@pbs.org,5439979726446128,diners-club-us-ca,$250054.65,n/a,NASDAQ
Karin,ktitterton36@cargocollective.com,3587743842172439,jcb,$499023.20,n/a,NYSE
Sly,slovejoy37@hexun.com,3553739310382583,jcb,$406368.71,Real Estate Investment Trusts,NYSE
Melvin,mcornforth38@feedburner.com,5126468540820989,mastercard,$173648.09,Major Pharmaceuticals,NASDAQ
Jeniffer,jcessford39@imageshack.us,4026917848781602,visa-electron,$19886.16,Business Services,NASDAQ
Danita,dtume3a@mozilla.org,560223903945612298,china-unionpay,$244899.90,Construction/Ag Equipment/Trucks,NYSE
Janina,jheinicke3b@craigslist.org,3585569251911559,jcb,$325905.94,Major Banks,NYSE
Myrta,mcoston3c@nih.gov,6371536551907570,instapayment,$263419.65,Biotechnology: Biological Products (No Diagnostic Substances),NASDAQ
Shanna,ssappy3d@w3.org,5048375703683135,mastercard,$219882.08,Major Pharmaceuticals,NASDAQ
Micky,mcurwood3e@bbc.co.uk,3578432602935554,jcb,$377798.29,n/a,NYSE
Allegra,aschusterl3f@mit.edu,30265057068796,diners-club-carte-blanche,$192293.51,Computer Software: Prepackaged Software,NASDAQ
Fawnia,fdouberday3g@google.co.uk,3533063574996722,jcb,$429585.46,Real Estate Investment Trusts,NYSE
Jennee,jmandifield3h@simplemachines.org,3588125497251289,jcb,$101788.43,Military/Government/Technical,NYSE
Carine,cdennehy3i@google.pl,4903041853922288,switch,$63695.39,Computer Software: Prepackaged Software,NASDAQ
Veda,vlimon3j@ning.com,5018345480876403622,maestro,$424972.64,Life Insurance,NYSE
Moll,miacomini3k@mail.ru,630467475015768108,laser,$164540.12,n/a,NASDAQ
Aileen,adron3l@china.com.cn,5108756254198341,mastercard,$21301.31,n/a,NASDAQ
Frants,fblood3m@friendfeed.com,201787812326055,diners-club-enroute,$105126.03,Oil & Gas Production,NYSE
Russ,rburgoyne3n@alexa.com,5048375276092896,mastercard,$326014.20,Major Banks,NASDAQ
Darsey,dchatwin3o@phpbb.com,3573712759121651,jcb,$49876.89,Recreational Products/Toys,NYSE
Mikaela,mvanbaaren3p@psu.edu,3565007420938447,jcb,$378087.03,Business Services,NASDAQ
Bing,blennard3q@upenn.edu,5602232103276564,bankcard,$477310.11,Biotechnology: In Vitro & In Vivo Diagnostic Substances,NASDAQ
Algernon,abengall3r@tumblr.com,5610440409664354018,china-unionpay,$16119.12,Commercial Banks,NASDAQ
Wylma,wreisenstein3s@addthis.com,5225063749277741,mastercard,$237014.38,Computer Software: Prepackaged Software,NASDAQ
Hillary,hrosenthal3t@berkeley.edu,4405123929443078,visa-electron,$44293.79,n/a,NASDAQ
Siana,spawel3u@opensource.org,5583188200927686,diners-club-us-ca,$362093.34,Biotechnology: Electromedical & Electrotherapeutic Apparatus,NASDAQ
Danica,dyvon3v@netscape.com,5291803251968842,mastercard,$10327.71,n/a,NYSE
Farah,fwragg3w@time.com,3573613212023957,jcb,$430510.78,Apparel,NYSE
Marmaduke,mrissom3x@redcross.org,3553740976498390,jcb,$107973.50,Computer Communications Equipment,NASDAQ
Lilli,lhazell3y@arstechnica.com,3576410542616791,jcb,$131136.63,Integrated oil Companies,NYSE
Velvet,vkirwan3z@sphinn.com,3565478032788084,jcb,$472033.78,Radio And Television Broadcasting And Communications Equipment,NASDAQ
Dedra,dgibke40@g.co,5602255850180812,bankcard,$496885.03,Package Goods/Cosmetics,NYSE
Emiline,eburnsell41@live.com,5602215316996805,bankcard,$183120.46,Apparel,NYSE
Carmita,clongstaff42@businesswire.com,3572656488766073,jcb,$147740.77,Miscellaneous manufacturing industries,NASDAQ
Madella,mtonnesen43@npr.org,6304407208285087,maestro,$8183.36,Major Banks,NASDAQ
Fredericka,fpitkethly44@dell.com,5401974963847249,mastercard,$56132.82,Apparel,NYSE
Giulio,gvasilenko45@amazon.co.uk,3566988986661151,jcb,$304598.32,Major Banks,NYSE
Salaidh,sshewen46@engadget.com,6391607068973714,instapayment,$135668.73,Meat/Poultry/Fish,NASDAQ
Gerri,gcolston47@quantcast.com,4017952113777,visa,$227528.04,EDP Services,NASDAQ
Vinson,vmangon48@yandex.ru,5602216787274441,bankcard,$227343.11,Oil Refining/Marketing,NASDAQ
Isadora,ipolino49@woothemes.com,3574180410161483,jcb,$167261.20,Business Services,NYSE
Waiter,wmcelane4a@deviantart.com,3542140228731488,jcb,$430705.15,Railroads,NASDAQ
Llywellyn,lbartlett4b@wisc.edu,6385203667563110,instapayment,$495085.62,Real Estate Investment Trusts,NYSE
Nevsa,ngodsil4c@businesswire.com,3582115462257730,jcb,$325261.08,Investment Managers,NYSE
Darb,drunnalls4d@skyrock.com,5602235865292456721,china-unionpay,$182566.48,Agricultural Chemicals,NYSE
Taber,tlambarton4e@typepad.com,5610330644527105,bankcard,$69613.54,n/a,NYSE
Gregorio,gwarcop4f@google.com,564182175704162242,switch,$262709.93,Major Pharmaceuticals,NASDAQ
Sashenka,spinckney4g@dedecms.com,5002353554766543,mastercard,$332924.57,RETAIL: Building Materials,NASDAQ
Marney,mropking4h@live.com,5101681586563185,mastercard,$308873.91,Electric Utilities: Central,NYSE
Leodora,lsirmond4i@scientificamerican.com,3541563262306894,jcb,$91239.62,Semiconductors,NASDAQ
Cassandry,ccurado4j@bizjournals.com,3529046205278095,jcb,$336208.33,EDP Services,NASDAQ
Wolfgang,wlabba4k@whitehouse.gov,3555220704760773,jcb,$364650.73,Major Chemicals,NYSE
Andreana,anorthing4l@hatena.ne.jp,3566302766619399,jcb,$293159.16,n/a,NYSE
Minnaminnie,msames4m@go.com,30142718219540,diners-club-carte-blanche,$440042.21,Biotechnology: In Vitro & In Vivo Diagnostic Substances,NASDAQ
Meggy,mbeden4n@sun.com,3547756310374997,jcb,$133312.12,n/a,NYSE
Evyn,erookledge4o@cbc.ca,4913705370437966,visa-electron,$355533.57,Biotechnology: In Vitro & In Vivo Diagnostic Substances,NASDAQ
Frazer,fcarleman4p@ftc.gov,30224639659085,diners-club-carte-blanche,$351360.73,Oilfield Services/Equipment,NASDAQ
Sonnnie,saxelby4q@drupal.org,3584580271988460,jcb,$150651.92,n/a,NASDAQ
Des,dtrouncer4r@samsung.com,0604989587491428,maestro,$397156.08,Consumer Specialties,NYSE
Gregorio,grieme4s@telegraph.co.uk,3561784452843745,jcb,$115507.65,EDP Services,NYSE
Sibylle,sbrazer4t@istockphoto.com,3575458622749454,jcb,$274641.51,Office Equipment/Supplies/Services,NYSE
Arty,abawcock4u@ox.ac.uk,6379959231457240,instapayment,$232490.68,Business Services,NYSE
Tomi,tbridgwater4v@reverbnation.com,30422262023955,diners-club-carte-blanche,$14429.63,Transportation Services,NYSE
Tiebold,tmorphey4w@mail.ru,36467574726542,diners-club-international,$81586.36,Real Estate Investment Trusts,NYSE
Annabell,akeyte4x@de.vu,676372966088442933,maestro,$61277.62,Telecommunications Equipment,NYSE
Kiele,kmateos4y@tinyurl.com,5602252047498181,bankcard,$226704.11,n/a,NYSE
Filip,floud4z@deviantart.com,56107889966350712,china-unionpay,$42101.02,Environmental Services,NYSE
Marthena,mshort50@imdb.com,3548484996436126,jcb,$385285.42,Real Estate Investment Trusts,NASDAQ
Tasia,tmoorman51@devhub.com,6304094579049936,maestro,$382753.52,Other Specialty Stores,NYSE
Gigi,gsilwood52@posterous.com,3557639970858896,jcb,$207053.79,Home Furnishings,NASDAQ
Kalil,klinnard53@census.gov,3585197217440230,jcb,$183857.59,Industrial Specialties,NASDAQ
Dorice,dgero54@miibeian.gov.cn,5316150633277802,mastercard,$205232.70,Computer Software: Prepackaged Software,NASDAQ
Christye,cgodfrey55@merriam-webster.com,3570235072754811,jcb,$386171.73,n/a,NYSE
Piper,psummerley56@yale.edu,3570852923989352,jcb,$446422.61,Hospital/Nursing Management,NASDAQ
Philippa,pdoole57@wordpress.com,4844750065571921,visa-electron,$91361.90,Property-Casualty Insurers,NASDAQ
Truda,tgilcrist58@dot.gov,374622385501902,americanexpress,$426378.02,Industrial Machinery/Components,NYSE
Carolynn,ccassels59@deliciousdays.com,3572395827620283,jcb,$68015.04,EDP Services,NASDAQ
Hazlett,hfoote5a@timesonline.co.uk,3551741432765911,jcb,$275252.71,Diversified Commercial Services,NYSE
Jaime,jiannitti5b@pcworld.com,561086871934511348,china-unionpay,$223575.28,n/a,NYSE
Tommy,treedie5c@telegraph.co.uk,5100177796535148,mastercard,$120081.25,Real Estate Investment Trusts,NYSE
Kassia,kgoldsack5d@canalblog.com,36523130762015,diners-club-international,$275487.11,Commercial Banks,NYSE
Mariette,mschust5e@slideshare.net,5610817994937082,china-unionpay,$325442.76,Major Banks,NYSE
Lurette,lyard5f@free.fr,5602211175451552,bankcard,$453284.12,Construction/Ag Equipment/Trucks,NYSE
Lauree,lsigward5g@theatlantic.com,6378396489008071,instapayment,$351600.39,Consumer Electronics/Appliances,NYSE
Noreen,nlye5h@mashable.com,4844510126375674,visa-electron,$327416.79,n/a,NYSE
Wyndham,wshimwell5i@dailymotion.com,201896596086338,diners-club-enroute,$215336.02,n/a,NYSE
Simone,snoye5j@state.tx.us,3554384163600713,jcb,$27996.13,Industrial Machinery/Components,NASDAQ
Cristin,ctigner5k@wikimedia.org,6371354374033594,instapayment,$264453.70,Biotechnology: Biological Products (No Diagnostic Substances),NASDAQ
Lem,lcoite5l@guardian.co.uk,201819514372135,diners-club-enroute,$299513.40,Major Pharmaceuticals,NASDAQ
Bethina,betherson5m@cargocollective.com,3569795013352499,jcb,$192695.71,Advertising,NASDAQ
Elliot,emairs5n@seattletimes.com,4913754198203721,visa-electron,$78122.37,Biotechnology: Biological Products (No Diagnostic Substances),NASDAQ
Fredra,fcobbled5o@icio.us,502051058872471785,maestro,$173966.60,Agricultural Chemicals,NASDAQ
Gayel,gforshaw5p@arizona.edu,4405992529882079,visa-electron,$285004.55,"Computer Software: Programming, Data Processing",NASDAQ
Barde,bandrew5q@reuters.com,5602242825575409,bankcard,$256737.55,n/a,NASDAQ
Roland,rtaillard5r@paginegialle.it,201572972667526,diners-club-enroute,$69925.20,Meat/Poultry/Fish,NYSE
Cathrin,cdumpleton5s@bbc.co.uk,3530273505619441,jcb,$209370.24,n/a,NYSE
Lexis,lstroud5t@t-online.de,3551109412990745,jcb,$239569.30,Packaged Foods,NYSE
Anton,amanginot5u@lulu.com,502040752734630281,maestro,$342855.90,Investment Managers,NYSE
Ann,aryal5v@bloomberg.com,5564301007285850,mastercard,$178361.31,Metal Fabrications,NYSE
Daniella,dmasi5w@mac.com,3559459340404356,jcb,$458805.69,n/a,NASDAQ
Consolata,ccopp5x@altervista.org,490380408095835029,switch,$244490.26,Medical/Dental Instruments,NASDAQ
Gabriella,gughetti5y@yolasite.com,4017952957355659,visa,$306849.37,Investment Managers,NYSE
Melisa,mloughnan5z@qq.com,5459072431333206,diners-club-us-ca,$211808.45,Computer Software: Prepackaged Software,NASDAQ
Georgiana,gtuttle60@unblog.fr,3580841691560477,jcb,$314062.32,Marine Transportation,NYSE
Noach,ntitt61@spiegel.de,3551878243318132,jcb,$291614.85,Biotechnology: Biological Products (No Diagnostic Substances),NASDAQ
Calli,cfullerlove62@nps.gov,3571453806561381,jcb,$226959.07,Industrial Machinery/Components,NYSE
Vanni,vpickavant63@mapquest.com,490368221039197133,switch,$281377.01,Savings Institutions,NASDAQ
Maritsa,mcawkill64@github.com,6304408200913051029,maestro,$273735.03,Water Supply,NYSE
Boyce,bbattyll65@census.gov,5602232529501413,china-unionpay,$439872.05,EDP Services,NASDAQ
Raddie,reberdt66@comsenz.com,502047021745354551,maestro,$92595.96,Auto Parts:O.E.M.,NASDAQ
Darcey,dtithecote67@icq.com,201622734488727,diners-club-enroute,$79777.53,Major Pharmaceuticals,NASDAQ
Clywd,cragate68@cocolog-nifty.com,3545787878168176,jcb,$429165.11,Computer Software: Prepackaged Software,NASDAQ
Osmond,onorthleigh69@wunderground.com,5610662202659657813,china-unionpay,$338834.60,Natural Gas Distribution,NYSE
Torrie,thubball6a@smugmug.com,3548933881624774,jcb,$313058.79,Computer Software: Prepackaged Software,NASDAQ
Paco,prealy6b@newyorker.com,5228383141100870,mastercard,$238540.28,n/a,NASDAQ
Ardeen,acordelle6c@go.com,3533090976477944,jcb,$417851.73,Farming/Seeds/Milling,NASDAQ
Terri,tharrismith6d@google.com,3568064420447058,jcb,$476387.32,Industrial Machinery/Components,NASDAQ
Lina,llyffe6e@umich.edu,5108755861167426,mastercard,$58763.10,Marine Transportation,NYSE
Stanleigh,snicolls6f@si.edu,3529443752015667,jcb,$356536.85,Hospital/Nursing Management,NASDAQ
Ricca,rbaudet6g@parallels.com,3554597697248507,jcb,$414023.66,Major Pharmaceuticals,NASDAQ
Clarisse,cgratrex6h@dropbox.com,675979994862453123,switch,$443670.51,Home Furnishings,NASDAQ
Artemas,ameagh6i@photobucket.com,3589443772616285,jcb,$157145.98,n/a,NYSE
Merrick,mhorrell6j@cam.ac.uk,490332870829158060,switch,$15479.45,Semiconductors,NASDAQ
Travers,tlidgely6k@patch.com,201693408116241,diners-club-enroute,$89412.86,Major Pharmaceuticals,NASDAQ
Lothaire,lhoundesome6l@biglobe.ne.jp,675937328589521782,maestro,$200203.53,n/a,NYSE
Lexi,lnorthgraves6m@amazonaws.com,4175007189319268,visa-electron,$216497.65,Automotive Aftermarket,NASDAQ
Esme,enewsome6n@purevolume.com,3545571517591257,jcb,$248332.17,n/a,NYSE
Esme,edavidman6o@friendfeed.com,5048372336553538,mastercard,$126520.79,n/a,NYSE
Suzi,shaggerstone6p@aboutads.info,3539586128475631,jcb,$234525.84,EDP Services,NASDAQ
Minor,mbentson6q@vinaora.com,30358451869271,diners-club-carte-blanche,$399616.11,Precious Metals,NYSE
Gavan,gkellet6r@mysql.com,201507280861791,diners-club-enroute,$87522.65,Major Pharmaceuticals,NASDAQ
Marna,mcoslitt6s@hostgator.com,3553771554652215,jcb,$376007.70,Power Generation,NYSE
Quinta,qandryushin6t@wunderground.com,6304688081892079,laser,$212248.52,Life Insurance,NASDAQ
Etienne,ethorington6u@lulu.com,5100174298984734,mastercard,$318642.26,Major Banks,NASDAQ
Sophronia,sroycraft6v@msu.edu,4026864520048324,visa-electron,$381108.39,n/a,NYSE
Pacorro,pnichols6w@prnewswire.com,3533374947785282,jcb,$259802.11,Major Pharmaceuticals,NYSE
Birgitta,brichford6x@cargocollective.com,5589272369070381,diners-club-us-ca,$440221.52,Oil & Gas Production,NASDAQ
Holly,hscarf6y@ustream.tv,060486445486145950,maestro,$412396.89,Services-Misc. Amusement & Recreation,NYSE
Hedy,hrossborough6z@paginegialle.it,5100135235643170,mastercard,$104891.14,Major Pharmaceuticals,NASDAQ
Auroora,awreakes70@admin.ch,3557948370002884,jcb,$397828.56,n/a,NYSE
Veda,vnicklen71@yellowpages.com,3549380139773962,jcb,$360253.34,Containers/Packaging,NYSE
Cary,cmulloch72@netlog.com,3563887830871219,jcb,$270191.59,Military/Government/Technical,NYSE
Dina,dchurm73@theatlantic.com,3532709988403447,jcb,$121338.32,Medical/Dental Instruments,NASDAQ
Claude,cmalan74@ameblo.jp,6709570268088450,laser,$312689.31,Major Pharmaceuticals,NASDAQ
Gerianne,gmunning75@tuttocitta.it,3543896482492120,jcb,$184330.03,Real Estate,NYSE
Ignaz,ialvarado76@unicef.org,30568682445929,diners-club-carte-blanche,$56837.80,Oil & Gas Production,NASDAQ
Elizabet,eclucas77@reddit.com,30412975139891,diners-club-carte-blanche,$269570.97,Medical/Dental Instruments,NYSE
Rose,rtraher78@vimeo.com,3539032551111526,jcb,$496157.61,Military/Government/Technical,NASDAQ
Rouvin,rsambles79@patch.com,201734881567953,diners-club-enroute,$183153.49,Industrial Specialties,NASDAQ
Pietra,prichardet7a@last.fm,5602226871419026,bankcard,$165531.30,n/a,NYSE
Meade,mtombleson7b@guardian.co.uk,4017958016859,visa,$452974.85,Industrial Machinery/Components,NYSE
Sharia,ssaterweyte7c@cnbc.com,3551203974080951,jcb,$16798.80,n/a,NYSE
Jacquelynn,jamdohr7d@sina.com.cn,3544605585248548,jcb,$242282.85,Containers/Packaging,NASDAQ
Earl,enarducci7e@weibo.com,4405160880067280,visa-electron,$305433.01,Property-Casualty Insurers,NASDAQ
Cherry,ceuplate7f@icq.com,3567219439111126,jcb,$87157.76,Steel/Iron Ore,NASDAQ
Anthony,ashulver7g@ycombinator.com,50387664903938729,maestro,$458995.91,Major Pharmaceuticals,NYSE
Jobyna,jgoodered7h@rakuten.co.jp,3563837305095067,jcb,$403132.64,Natural Gas Distribution,NYSE
Kaspar,kdunbleton7i@facebook.com,670976855337158296,laser,$285241.59,Major Banks,NYSE
Hanson,hraecroft7j@ed.gov,4905229249445867272,switch,$274187.26,Industrial Machinery/Components,NYSE
Rooney,rharford7k@drupal.org,3530973781022703,jcb,$371998.57,Business Services,NASDAQ
Judon,jmahaddie7l@last.fm,5100133546112902,mastercard,$60278.64,Telecommunications Equipment,NYSE
Lianna,lcreavan7m@prweb.com,3588625304527086,jcb,$498763.44,Movies/Entertainment,NASDAQ
Marguerite,mellaman7n@clickbank.net,3586160235806997,jcb,$320480.04,Business Services,NYSE
Dena,dveljes7o@usa.gov,5602229531567184,bankcard,$362530.47,Real Estate Investment Trusts,NASDAQ
Cal,cjane7p@51.la,3540217499735315,jcb,$289112.39,Natural Gas Distribution,NYSE
Worthy,wormesher7q@is.gd,3534234014603736,jcb,$436483.29,Major Banks,NASDAQ
Louie,lgibard7r@forbes.com,670648993272566294,laser,$197670.42,Real Estate Investment Trusts,NYSE
Sheppard,sdunderdale7s@upenn.edu,3569476351741516,jcb,$446174.46,Industrial Machinery/Components,NASDAQ
Merissa,mgoodfellow7t@vinaora.com,3573468272819319,jcb,$359651.36,EDP Services,NYSE
Derrek,ddowears7u@gizmodo.com,3540701755321316,jcb,$417138.57,Business Services,NASDAQ
Willy,wtuplin7v@ebay.com,3532631828191398,jcb,$463273.73,Television Services,NASDAQ
Denise,dsiemantel7w@phoca.cz,502057458214378900,maestro,$282566.93,Computer Communications Equipment,NASDAQ
Osborne,ohewertson7x@discovery.com,36380885547558,diners-club-international,$315013.06,n/a,NYSE
Winny,wchrister7y@google.com,3538339646997558,jcb,$208144.62,Major Pharmaceuticals,NASDAQ
Perl,pphipson7z@rambler.ru,3575272607300120,jcb,$401880.34,Auto Parts:O.E.M.,NASDAQ
Waverly,wcamfield80@google.com.au,4917967744734454,visa-electron,$237528.92,Semiconductors,NASDAQ
Bryce,bmillington81@wordpress.org,4202406652964,visa,$481653.69,Major Pharmaceuticals,NASDAQ
Klarrisa,kkenright82@harvard.edu,6763013279327040,maestro,$287814.22,Oil & Gas Production,NYSE
Krystle,kcheng83@netvibes.com,3577203796609029,jcb,$161590.44,Real Estate Investment Trusts,NYSE
Stanley,syeomans84@ftc.gov,490516230363302269,switch,$299871.15,Major Banks,NASDAQ
Derk,dkarby85@shop-pro.jp,374622015172439,americanexpress,$311037.88,Telecommunications Equipment,NASDAQ
Gordie,gwhordley86@reference.com,6761138483082465794,maestro,$387280.91,Major Pharmaceuticals,NASDAQ
Isahella,ifelgat87@t.co,5010121468568705,mastercard,$168624.32,n/a,NASDAQ
Latia,lpieters88@noaa.gov,3587739116750645,jcb,$324533.42,"Computer Software: Programming, Data Processing",NYSE
Terri,tsuermeier89@xrea.com,6767624088598500,solo,$470100.35,n/a,NYSE
Elbert,emonier8a@guardian.co.uk,3583305141400822,jcb,$455084.35,n/a,NYSE
Candra,celiesco8b@weebly.com,5893714103816521,maestro,$413323.47,Major Banks,NASDAQ
Shanan,spavic8c@goodreads.com,560222266196751756,china-unionpay,$22709.31,n/a,NYSE
Lucretia,lbonnier8d@go.com,3553457651316488,jcb,$400498.48,Radio And Television Broadcasting And Communications Equipment,NYSE
Antons,agascard8e@ebay.co.uk,6333242998874441597,switch,$72906.35,Home Furnishings,NYSE
Harley,hahrendsen8f@wsj.com,4844084361507748,visa-electron,$123062.54,n/a,NYSE
Peyton,plum8g@vistaprint.com,3531166258556506,jcb,$86071.68,n/a,NYSE
Pen,pwigg8h@yahoo.com,3529554984073488,jcb,$65204.58,Major Banks,NASDAQ
Dorthy,djenks8i@w3.org,30481416051429,diners-club-carte-blanche,$119439.39,n/a,NASDAQ
Dallon,dlehucquet8j@github.io,6304661222081647,laser,$259584.48,n/a,NYSE
Karon,knorquay8k@altervista.org,5100174395085450,mastercard,$147926.75,Telecommunications Equipment,NYSE
Barnabe,bmarchent8l@dailymotion.com,3541112357387383,jcb,$66144.18,Diversified Commercial Services,NYSE
Jermain,jrive8m@mtv.com,30073151978062,diners-club-carte-blanche,$398110.24,Oil & Gas Production,NASDAQ
Burch,bwrixon8n@163.com,6390662661356412,instapayment,$91223.59,n/a,NASDAQ
Solly,scavozzi8o@globo.com,3583874086676902,jcb,$297170.05,n/a,NASDAQ
Editha,egreet8p@ucla.edu,30138429165444,diners-club-carte-blanche,$29086.56,n/a,NYSE
Eran,epappi8q@sciencedirect.com,3561438532024996,jcb,$461633.57,n/a,NASDAQ
Alma,alazonby8r@microsoft.com,3582665545953879,jcb,$324769.46,Meat/Poultry/Fish,NYSE
Dennis,dtebbet8s@mediafire.com,3588706839910748,jcb,$440984.30,Natural Gas Distribution,NYSE
Gusti,gblackeby8t@meetup.com,3588804313900119,jcb,$403694.63,Major Chemicals,NASDAQ
Crin,clettson8u@umich.edu,3536063176580707,jcb,$483904.78,Real Estate Investment Trusts,NYSE
Reg,rsimoncelli8v@multiply.com,3575072015689894,jcb,$119126.55,Major Banks,NASDAQ
Lurleen,lbraham8w@ask.com,67639743020991140,maestro,$251598.85,Investment Managers,NYSE
Laird,lsporton8x@cbslocal.com,4844796645535886,visa-electron,$474198.32,n/a,NASDAQ
Caesar,cmcinnes8y@qq.com,30267072838567,diners-club-carte-blanche,$81867.26,n/a,NASDAQ
Bryn,bfoye8z@parallels.com,5100149396204425,mastercard,$43988.43,Specialty Chemicals,NYSE
Lonee,lflanner90@hibu.com,5100139787065543,mastercard,$34572.46,Biotechnology: Biological Products (No Diagnostic Substances),NASDAQ
Curr,ckrop91@lulu.com,4903344016446347546,switch,$281758.04,n/a,NYSE
Stanleigh,sjakucewicz92@wiley.com,676794320069897303,solo,$238492.11,Homebuilding,NYSE
Phillie,pplett93@g.co,5002356243099341,mastercard,$457203.90,Oil & Gas Production,NYSE
Esmaria,escutcheon94@angelfire.com,5108753767260601,mastercard,$3664.63,n/a,NYSE
Alvira,avlies95@cam.ac.uk,3561756364084055,jcb,$349408.14,n/a,NYSE
Delainey,deallis96@si.edu,4428358581731047,visa,$15475.85,Computer Software: Prepackaged Software,NASDAQ
Nananne,ndelouch97@buzzfeed.com,201882985392404,diners-club-enroute,$46860.20,Finance: Consumer Services,NASDAQ
Chad,cupshall98@indiatimes.com,36342034822605,diners-club-international,$393137.54,n/a,NYSE
Nadya,nzotto99@purevolume.com,3576791657816395,jcb,$41927.43,Containers/Packaging,NYSE
Shelby,sclout9a@ucoz.ru,4936046961384608717,switch,$78497.34,EDP Services,NASDAQ
Webb,wrebert9b@tripod.com,493630979856652748,switch,$226391.04,Oil & Gas Production,NYSE
Barrie,belvidge9c@slate.com,3584884346863744,jcb,$325439.63,n/a,NYSE
Graehme,gcaughey9d@psu.edu,6761948950157412968,maestro,$199871.72,n/a,NASDAQ
Natalina,nsharpin9e@cbc.ca,5002353448199851,mastercard,$246754.38,n/a,NYSE
Dore,dwrankling9f@theguardian.com,374579661862228,americanexpress,$220077.63,Forest Products,NYSE
Palm,proubay9g@parallels.com,3577666795984785,jcb,$473342.71,n/a,NYSE
Ricardo,rorrin9h@rakuten.co.jp,3550047847923108,jcb,$67653.15,Home Furnishings,NYSE
Ronna,rbooker9i@twitpic.com,3543127616579305,jcb,$291687.33,Property-Casualty Insurers,NASDAQ
Aindrea,aswiers9j@discuz.net,3545209844644446,jcb,$183982.76,n/a,NYSE
Harmony,hmcilwraith9k@princeton.edu,36130787863680,diners-club-international,$247353.82,Major Banks,NASDAQ
Arlyn,asallter9l@vkontakte.ru,589373603248297816,maestro,$187828.44,Computer Software: Prepackaged Software,NASDAQ
Lorry,lprudence9m@irs.gov,3537241965699164,jcb,$57805.20,Major Chemicals,NYSE
Nanci,nknutton9n@prweb.com,201487400588451,diners-club-enroute,$372886.43,n/a,NASDAQ
Monica,mcoolican9o@example.com,5602212874995722279,china-unionpay,$7354.28,Real Estate Investment Trusts,NYSE
Emmalyn,epate9p@linkedin.com,5108758384692532,mastercard,$115453.70,Mining & Quarrying of Nonmetallic Minerals (No Fuels),NYSE
Carmine,cheeley9q@jigsy.com,3533940426960685,jcb,$326841.78,n/a,NYSE
Pepito,pphiller9r@usnews.com,3583404770932286,jcb,$147620.27,EDP Services,NYSE
Jeanelle,jmettricke9s@shop-pro.jp,633493993724300767,solo,$86834.15,Real Estate,NASDAQ
El,ecutsforth9t@buzzfeed.com,5602222234910678,bankcard,$386760.47,Automotive Aftermarket,NYSE
Bart,bclutton9u@xinhuanet.com,3577780282466956,jcb,$334162.92,Military/Government/Technical,NYSE
Kelley,kfeld9v@squarespace.com,3546189272314994,jcb,$214960.84,Other Specialty Stores,NYSE
Flo,fedards9w@china.com.cn,6304327350914807,maestro,$121437.30,Real Estate Investment Trusts,NYSE
Celie,cmulleary9x@imageshack.us,30441015662364,diners-club-carte-blanche,$182681.84,Apparel,NYSE
Paulie,pbaniard9y@purevolume.com,3539810267139760,jcb,$263698.43,Major Pharmaceuticals,NASDAQ
Yale,ysmalles9z@disqus.com,4508587716838466,visa-electron,$37724.57,Broadcasting,NASDAQ
Luther,lbroscha0@theatlantic.com,3554882258674667,jcb,$426226.10,Hotels/Resorts,NYSE
Amabelle,amcgilroya1@cnn.com,6374776718993439,instapayment,$306284.41,n/a,NASDAQ
Christine,cchristophersa2@yellowbook.com,30466857275041,diners-club-carte-blanche,$456680.93,Engineering & Construction,NYSE
Karel,kbonhana3@cocolog-nifty.com,5602259819015812,bankcard,$303769.45,Package Goods/Cosmetics,NYSE
Reginald,rsmeea4@whitehouse.gov,5610791593229631,bankcard,$277742.94,Major Pharmaceuticals,NASDAQ
Alaine,agilliona5@yellowbook.com,3550616040970411,jcb,$352398.42,Other Specialty Stores,NASDAQ
Zeb,zeedea6@wikispaces.com,67621402557803539,maestro,$244160.14,Trucking Freight/Courier Services,NASDAQ
Sibylla,scharopena7@columbia.edu,5548147589061867,diners-club-us-ca,$327463.03,n/a,NASDAQ
Masha,mbasera8@cmu.edu,5100137105787921,mastercard,$298393.50,n/a,NASDAQ
Izabel,ipassya9@zdnet.com,6371925379445303,instapayment,$368539.13,Investment Bankers/Brokers/Service,NYSE
Cathee,cduellaa@tumblr.com,630495341010209884,laser,$347995.77,Natural Gas Distribution,NYSE
Annemarie,atabernerab@netscape.com,3528189512817543,jcb,$168538.76,EDP Services,NASDAQ
Bran,boxtebyac@topsy.com,5038177444732573,maestro,$474120.97,Trucking Freight/Courier Services,NASDAQ
Nichole,nvarfolomeevad@elpais.com,348981844588840,americanexpress,$321178.56,n/a,NYSE
Sharron,septonae@mozilla.com,3536335369144198,jcb,$50085.10,Hospital/Nursing Management,NYSE
Townie,tbuckeridgeaf@wsj.com,4041370009145129,visa,$274659.16,Industrial Machinery/Components,NYSE
Thomasa,tbyffordag@delicious.com,3553377558504095,jcb,$253179.64,Investment Managers,NYSE
Rafaela,rpayleyah@e-recht24.de,3533286299602545,jcb,$436664.71,"Computer Software: Programming, Data Processing",NASDAQ
Georas,graineyai@vk.com,3576517517178373,jcb,$14467.91,Real Estate Investment Trusts,NASDAQ
Maury,meveringtonaj@live.com,3580261886220409,jcb,$319961.56,n/a,NYSE
Killie,kwardleyak@w3.org,3540188810995591,jcb,$332983.17,Electric Utilities: Central,NYSE
Maury,mkislingburyal@go.com,337941714684809,americanexpress,$18107.95,Major Banks,NASDAQ
Inna,iagettam@bigcartel.com,3570875952165107,jcb,$159162.19,Multi-Sector Companies,NYSE
Hagan,hserrurieran@ucsd.edu,374622313149048,americanexpress,$87774.11,Office Equipment/Supplies/Services,NYSE
Weber,wgrumleyao@dropbox.com,5893497788398847,maestro,$248193.80,Television Services,NASDAQ
Mirabelle,mphysicap@time.com,3548854441859041,jcb,$156477.17,Real Estate Investment Trusts,NASDAQ
Marvin,mfeldbrinaq@arizona.edu,3559218871046170,jcb,$172059.64,Major Pharmaceuticals,NASDAQ
Monte,mrothschildar@goodreads.com,3575539792820348,jcb,$21535.94,Biotechnology: Biological Products (No Diagnostic Substances),NASDAQ
Marrilee,malberyas@issuu.com,6767699404954991,solo,$372005.01,Major Pharmaceuticals,NASDAQ
Chicky,cchinaat@mozilla.org,5602236789208642373,china-unionpay,$111694.54,n/a,NYSE
Giuseppe,gellissenau@clickbank.net,560222291809314735,china-unionpay,$323591.59,Coal Mining,NYSE
Remy,rspreyav@wordpress.com,3571398497692039,jcb,$28632.72,n/a,NYSE
Will,wgroomaw@jimdo.com,3541496003699683,jcb,$363443.01,Railroads,NASDAQ
Marchelle,mbourthoumieuxax@e-recht24.de,5602224062202145,bankcard,$112156.80,Major Banks,NASDAQ
Sandye,srenwickay@xinhuanet.com,3573770115252065,jcb,$126777.74,n/a,NYSE
Salvador,sbampfieldaz@vk.com,30190352967080,diners-club-carte-blanche,$398617.13,Marine Transportation,NYSE
Averil,amcleishb0@bluehost.com,3569728308673618,jcb,$473837.52,Business Services,NYSE
Dov,dhurdwellb1@archive.org,3585116097551718,jcb,$68576.66,Major Banks,NASDAQ
Barnett,broseveareb2@etsy.com,3572172153721179,jcb,$131471.84,n/a,NYSE
Nikolos,nmarquandb3@prnewswire.com,30513761304795,diners-club-carte-blanche,$229913.06,Biotechnology: Laboratory Analytical Instruments,NYSE
Vite,vrosleb4@rediff.com,3576331812990700,jcb,$223766.80,Medical/Dental Instruments,NASDAQ
Pen,pplumbb5@webeden.co.uk,675916013223606117,maestro,$133760.47,"Computer Software: Programming, Data Processing",NASDAQ
Darcie,dfairrieb6@dmoz.org,3540558490013529,jcb,$172009.87,n/a,NYSE
Nancie,nbravenb7@drupal.org,3547029778583917,jcb,$76069.15,Other Specialty Stores,NASDAQ
Ginnifer,gdavidsohnb8@cnbc.com,201510131964913,diners-club-enroute,$20979.74,Semiconductors,NASDAQ
Ryun,rmcconnalb9@mac.com,3529556603392389,jcb,$376001.49,Investment Bankers/Brokers/Service,NYSE
Guthrey,glilloba@uol.com.br,30300684240763,diners-club-carte-blanche,$340409.72,n/a,NYSE
Dierdre,dlandabb@de.vu,4887100549563,visa,$421835.11,Hotels/Resorts,NASDAQ
Georgianne,gtrathenbc@shop-pro.jp,3555768108137253,jcb,$353854.61,Major Pharmaceuticals,NYSE
Tobi,tbondarbd@yolasite.com,3545928410672149,jcb,$421456.34,Major Pharmaceuticals,NASDAQ
Catherin,cbeeresbe@cnbc.com,4844513950073837,visa-electron,$199773.43,Electric Utilities: Central,NYSE
Lauri,lemansonbf@mac.com,4913493118458475,visa-electron,$220299.16,Oil & Gas Production,NASDAQ
Sissie,sflobertbg@storify.com,3586262601875174,jcb,$104672.14,Real Estate Investment Trusts,NYSE
Hayward,hlacroutzbh@pinterest.com,4917945084363548,visa-electron,$450303.53,Computer Software: Prepackaged Software,NYSE
Killie,kflintoffbi@t.co,4292600276355,visa,$222894.99,Major Pharmaceuticals,NASDAQ
Pepi,pbottrillbj@wix.com,201622963743024,diners-club-enroute,$30750.63,Clothing/Shoe/Accessory Stores,NASDAQ
Piper,palveybk@comcast.net,5010126774380398,mastercard,$467599.45,Radio And Television Broadcasting And Communications Equipment,NASDAQ
Addy,aarsonbl@cdbaby.com,3546907886047258,jcb,$282435.04,Real Estate,NYSE
Sue,sclementbm@wikispaces.com,3584964582334152,jcb,$92092.88,Diversified Commercial Services,NASDAQ
Enid,enultybn@illinois.edu,3586953761110499,jcb,$252194.67,Major Pharmaceuticals,NASDAQ
Roz,rpullingerbo@home.pl,3569926396697438,jcb,$54667.32,Commercial Banks,NYSE
Chloe,cgrottybp@thetimes.co.uk,3584294976699048,jcb,$302843.53,n/a,NYSE
Royce,rdelahuntybq@seattletimes.com,3573171444888416,jcb,$395530.35,Marine Transportation,NYSE
Fabien,fcrittenbr@fema.gov,3555738807979479,jcb,$123732.72,Recreational Products/Toys,NASDAQ
Karita,kbilyardbs@about.com,3574216794719171,jcb,$276474.19,Major Banks,NASDAQ
Editha,edagonbt@icq.com,3550933691602544,jcb,$242257.13,Biotechnology: Electromedical & Electrotherapeutic Apparatus,NASDAQ
Veronika,valyonovbu@howstuffworks.com,3566468717846819,jcb,$447940.26,Restaurants,NYSE
Garner,gkennealybv@go.com,201845252790527,diners-club-enroute,$130487.10,Real Estate Investment Trusts,NYSE
Marjie,mshuttbw@berkeley.edu,5108755779415966,mastercard,$127363.94,n/a,NYSE
Ossie,oleeburnebx@goo.gl,4017952083637467,visa,$178623.44,Electric Utilities: Central,NYSE
Jeremie,jbertheby@bravesites.com,5219227066186888,mastercard,$23333.27,Real Estate Investment Trusts,NYSE
Heinrik,hkofaxbz@bloomberg.com,3528004500117683,jcb,$367578.98,n/a,NASDAQ
Eddie,egiriardellic0@smh.com.au,67625831228070639,maestro,$159031.64,n/a,NYSE
Barbara,bobeyc1@time.com,5010121310703526,mastercard,$366567.87,n/a,NYSE
Leigha,lthomelinc2@reuters.com,5475397954361593,diners-club-us-ca,$160753.01,Apparel,NYSE
Daniele,dnorthidgec3@goo.ne.jp,675900204342224126,switch,$409653.18,Major Pharmaceuticals,NASDAQ
Annabell,acubbinc4@dell.com,3576306287637911,jcb,$497601.51,Business Services,NASDAQ
Adriaens,aharradinec5@themeforest.net,201804123526628,diners-club-enroute,$364434.97,Military/Government/Technical,NYSE
Luisa,lguyerc6@last.fm,5610213368507895881,china-unionpay,$361608.91,Major Pharmaceuticals,NASDAQ
Patty,pcyplerc7@jimdo.com,374622793042366,americanexpress,$398932.32,Natural Gas Distribution,NYSE
Mariya,mlerohanc8@people.com.cn,4026037533360206,visa-electron,$418491.65,Investment Managers,NYSE
Ellery,eabbiec9@4shared.com,3544674201923652,jcb,$424980.94,Professional Services,NYSE
Samaria,svenusca@google.es,3571128319050144,jcb,$301405.44,Major Banks,NASDAQ
Goldia,gfredicb@purevolume.com,3531533241703000,jcb,$164526.51,Oil & Gas Production,NYSE
Sammie,slinbohmcc@epa.gov,36956241476762,diners-club-international,$88335.15,Medical/Dental Instruments,NASDAQ
Harriette,hnapletoncd@bizjournals.com,3533882537502065,jcb,$349032.87,Finance: Consumer Services,NYSE
Darren,dsnaithce@nytimes.com,30250509098526,diners-club-carte-blanche,$235340.38,Fluid Controls,NYSE
Ferrell,fmcdadecf@ox.ac.uk,4041372615949514,visa,$104198.36,Restaurants,NYSE
Janeva,jroscampcg@cornell.edu,3581385023499706,jcb,$210913.60,n/a,NYSE
Maire,mobriench@jugem.jp,3529124416157240,jcb,$439985.39,n/a,NASDAQ
Amalia,abrittleci@google.pl,3558807580195673,jcb,$267405.34,Construction/Ag Equipment/Trucks,NYSE
Christi,cwheelercj@google.co.uk,3553367861632352,jcb,$139703.35,Professional Services,NYSE
Jeffrey,jriddingck@reference.com,501800109252762958,maestro,$7077.09,Real Estate Investment Trusts,NYSE
Christina,correycl@1und1.de,3549929517070506,jcb,$322496.41,Environmental Services,NYSE
Louisa,lnoteyoungcm@yandex.ru,3563084938661615,jcb,$274435.69,Real Estate,NYSE
Pasquale,pbrockestcn@apple.com,060434934286409115,maestro,$128238.47,Electrical Products,NASDAQ
Janek,jcarbettco@ted.com,3564636102612556,jcb,$211080.12,Savings Institutions,NASDAQ
Dana,djuschkecp@dagondesign.com,201740503533737,diners-club-enroute,$229571.50,Biotechnology: Laboratory Analytical Instruments,NASDAQ
Worthington,wrandersoncq@4shared.com,3569983165009576,jcb,$307965.02,Biotechnology: Biological Products (No Diagnostic Substances),NASDAQ
Ban,bhullettcr@kickstarter.com,6331102458078380185,switch,$310856.79,Package Goods/Cosmetics,NASDAQ
Adey,amynercs@adobe.com,4917511334092087,visa-electron,$241696.99,Major Pharmaceuticals,NASDAQ
Andres,afrancaisct@bizjournals.com,3528982578875946,jcb,$449052.77,Packaged Foods,NYSE
August,agurradocu@europa.eu,374622839902870,americanexpress,$84937.25,"Computer Software: Programming, Data Processing",NYSE
Rosemonde,rwestnagecv@hp.com,3562925959192206,jcb,$161713.84,Advertising,NASDAQ
Beatriz,bseakcw@ezinearticles.com,3567533032244989,jcb,$450900.28,Oil & Gas Production,NYSE
Gavra,gmapplethorpecx@howstuffworks.com,337941785314898,americanexpress,$2295.08,Real Estate Investment Trusts,NASDAQ
Lon,lwintourcy@trellian.com,30153789972735,diners-club-carte-blanche,$399077.58,Major Banks,NYSE
Eolanda,efearscz@opensource.org,3575377540037125,jcb,$336624.16,Real Estate Investment Trusts,NYSE
Etan,esanchesd0@nature.com,3588413426308176,jcb,$299904.11,Biotechnology: Biological Products (No Diagnostic Substances),NASDAQ
Domenico,dalleboned1@goodreads.com,3570487137476258,jcb,$475860.81,Other Consumer Services,NYSE
Klemens,kcapinid2@infoseek.co.jp,374622173703298,americanexpress,$463194.18,Hospital/Nursing Management,NASDAQ
Janaye,jmacquakerd3@admin.ch,5602217430176686,bankcard,$224065.07,n/a,NASDAQ
Chris,ccadelld4@godaddy.com,560225045938272082,china-unionpay,$68622.01,Auto Manufacturing,NYSE
Kym,kboshelld5@myspace.com,5108755903607348,mastercard,$230329.09,Diversified Commercial Services,NYSE
Barbee,bgodbaldd6@fema.gov,4041598841930,visa,$285450.39,Major Banks,NYSE
Zandra,zschutted7@zimbio.com,67092908431273434,laser,$250130.19,Other Consumer Services,NYSE
Kelcy,kdrond8@digg.com,3548512872905887,jcb,$430424.55,Electronic Components,NYSE
Chancey,clilfordd9@ezinearticles.com,3575278302063996,jcb,$20369.81,Other Consumer Services,NYSE
Bard,brobichonda@arizona.edu,4905738746490711143,switch,$210366.18,Industrial Machinery/Components,NYSE
Kennie,kohowbanedb@clickbank.net,4536682883339566,visa,$86723.86,Real Estate Investment Trusts,NYSE
Kathe,kduggetdc@lycos.com,63048629016167536,maestro,$23198.64,n/a,NASDAQ
Richardo,rbirdwhistelldd@ed.gov,6709022251014819497,laser,$60700.47,Business Services,NASDAQ
Petey,pchurchwardde@ustream.tv,6376954813371995,instapayment,$191760.87,Business Services,NASDAQ
Tome,tcastelyndf@sohu.com,3562083407802727,jcb,$392736.55,Biotechnology: Biological Products (No Diagnostic Substances),NASDAQ
Cesar,crizzellodg@marriott.com,5100140111922144,mastercard,$402425.60,Industrial Machinery/Components,NASDAQ
Angelle,ahanalandh@cafepress.com,3542959922345844,jcb,$197509.01,Industrial Machinery/Components,NASDAQ
Coop,cshackeldi@ftc.gov,3550251556395173,jcb,$89092.56,Coal Mining,NYSE
Petr,pkubiakdj@newyorker.com,5100131166830811,mastercard,$346012.38,n/a,NYSE
Ailee,afarfootdk@multiply.com,3572113372552789,jcb,$231975.44,Major Banks,NASDAQ
Nev,nferraidl@bloglines.com,3587552735541208,jcb,$259872.32,Property-Casualty Insurers,NYSE
Hi,hblythdm@feedburner.com,4439884933783045,visa,$247159.82,Business Services,NASDAQ
Ysabel,yspurriardn@shinystat.com,3530940979867868,jcb,$305755.22,Major Pharmaceuticals,NASDAQ
Giovanna,gmcneighdo@usgs.gov,3588450965067102,jcb,$390637.70,Business Services,NYSE
Tuckie,tvanyukovdp@purevolume.com,30355296999859,diners-club-carte-blanche,$484589.97,Major Banks,NASDAQ
Giusto,gfarishdq@ed.gov,374622363662494,americanexpress,$322137.49,Major Pharmaceuticals,NASDAQ
Fulton,fsauterdr@github.com,5610845608770839,china-unionpay,$34179.43,n/a,NASDAQ
Meredithe,mmcfadyends@bluehost.com,4844973733855431,visa-electron,$351201.72,Major Pharmaceuticals,NASDAQ
Leroi,lsweetlovedt@over-blog.com,3540356808335993,jcb,$268466.13,Beverages (Production/Distribution),NASDAQ
Rodd,rlygoedu@google.com.br,5602228143931853,bankcard,$236400.16,Finance: Consumer Services,NASDAQ
Aguste,afurmagierdv@ibm.com,3548071892699624,jcb,$406395.81,Services-Misc. Amusement & Recreation,NYSE
Norton,ngaylordw@miibeian.gov.cn,4905302356970511439,switch,$340748.94,Diversified Commercial Services,NYSE
Nertie,nbaderdx@illinois.edu,56022214039830347,china-unionpay,$255865.80,Major Banks,NYSE
Netty,ndecarteretdy@deliciousdays.com,3569958970108136,jcb,$120907.19,Biotechnology: In Vitro & In Vivo Diagnostic Substances,NASDAQ
Berthe,bcoombsdz@jalbum.net,3541191218682240,jcb,$199695.89,Package Goods/Cosmetics,NYSE
Daniel,doggerse0@opera.com,201794448834742,diners-club-enroute,$237383.03,Major Banks,NASDAQ
Isak,ileprevoste1@deliciousdays.com,5100149974822374,mastercard,$94844.68,n/a,NYSE
Wynn,weddingtone2@epa.gov,3584859749228125,jcb,$356062.61,Specialty Chemicals,NYSE
Terrijo,twainscoate3@blogger.com,3563217466234534,jcb,$374551.02,Semiconductors,NASDAQ
Yettie,ytantone4@gov.uk,3563904301076747,jcb,$499931.96,Clothing/Shoe/Accessory Stores,NASDAQ
Randell,rmacfadine5@nytimes.com,3529137155028729,jcb,$461730.32,Real Estate Investment Trusts,NYSE
Noe,nmcshiriee6@ftc.gov,375970236534773,americanexpress,$348276.29,n/a,NYSE
Gabrila,ggladmane7@usgs.gov,5007661212121272,mastercard,$453010.44,Computer Software: Prepackaged Software,NASDAQ
Goldy,goberne8@ycombinator.com,4911619906245052,switch,$300527.78,Real Estate,NYSE
Kerry,ktweediee9@hatena.ne.jp,3583448538012295,jcb,$208565.76,Major Pharmaceuticals,NASDAQ
Aldridge,akornea@tinypic.com,3562287122302737,jcb,$65757.84,Medical Specialities,NYSE
Floria,fganiclefeb@tripadvisor.com,3564599574536473,jcb,$420587.42,Computer Software: Prepackaged Software,NASDAQ
Dwayne,dbedburyec@list-manage.com,6304766221457787,laser,$86520.24,Business Services,NASDAQ
Sibel,snottinghamed@ezinearticles.com,5602250044183905,bankcard,$465269.81,n/a,NYSE
Pebrook,pragsdallee@nih.gov,4770619985090874,visa,$27229.03,n/a,NASDAQ
Heidi,hfranktonef@tamu.edu,3589471920802424,jcb,$281235.78,Major Pharmaceuticals,NASDAQ
Blaire,bgoslandeg@rambler.ru,633462422189903730,solo,$138917.27,Construction/Ag Equipment/Trucks,NASDAQ
Jocelin,jhubeh@sohu.com,3558968066222157,jcb,$80733.79,Auto Parts:O.E.M.,NASDAQ
Kim,kledgerei@flickr.com,4175001552104290,visa-electron,$340448.91,n/a,NYSE
Trisha,tmclarensej@cnn.com,50384547520128076,maestro,$388077.01,n/a,NYSE
Mechelle,mjeckellsek@woothemes.com,3587049563707654,jcb,$264529.48,n/a,NYSE
Mackenzie,mlowthorpeel@biblegateway.com,560221914434863831,china-unionpay,$188766.73,Farming/Seeds/Milling,NASDAQ
Yalonda,ylupsonem@cbslocal.com,5602229037912645,bankcard,$322859.60,Home Furnishings,NYSE
Karl,kjillsen@dot.gov,3562137766140374,jcb,$451660.24,Major Banks,NASDAQ
Ceciley,chorsleyeo@army.mil,3569072228377954,jcb,$335097.90,Metal Fabrications,NYSE
Jud,jwaughep@github.io,4026493096279665,visa-electron,$259053.14,Home Furnishings,NASDAQ
Toni,tboyeteq@buzzfeed.com,3561866833871618,jcb,$415391.63,Telecommunications Equipment,NASDAQ
Minnaminnie,mplatfooter@newyorker.com,3554977021425825,jcb,$123286.53,Auto Parts:O.E.M.,NASDAQ
Roderic,rkeatinges@oakley.com,4041375847665089,visa,$463790.86,Major Pharmaceuticals,NASDAQ
Rosy,rofarrellet@free.fr,3576315401911706,jcb,$385705.79,Integrated oil Companies,NYSE
Davine,dbabidgeeu@upenn.edu,3532114839770187,jcb,$372993.57,n/a,NYSE
Barrie,bcrossonev@dagondesign.com,5018815201352425801,maestro,$219694.37,Hotels/Resorts,NASDAQ
Hurley,hbeebyew@google.de,377995427788795,americanexpress,$50565.30,n/a,NYSE
Karlis,kkubistaex@stanford.edu,372301087734465,americanexpress,$498827.26,Engineering & Construction,NASDAQ
Emmeline,ehitterey@edublogs.org,633345345495050131,switch,$462733.50,Shoe Manufacturing,NASDAQ
Georgeanna,gfattoreez@google.ru,3539047039923649,jcb,$264196.12,Industrial Machinery/Components,NASDAQ
Venita,vfarnorthf0@imdb.com,5018928363867004,maestro,$350648.69,n/a,NYSE
Mahmoud,mcultchethf1@nymag.com,3569924274183449,jcb,$105822.37,EDP Services,NASDAQ
Dene,davof2@walmart.com,56022431205614806,china-unionpay,$478823.89,Professional Services,NASDAQ
Orran,ojurisicf3@godaddy.com,5018456346348132,maestro,$171825.70,n/a,NASDAQ
Armand,aculletonf4@usa.gov,201730299411693,diners-club-enroute,$359335.10,Business Services,NASDAQ
Farris,fkeunekef5@twitpic.com,633349859263713841,switch,$48016.89,EDP Services,NASDAQ
Nathalie,nparkeyf6@sciencedirect.com,36742133910658,diners-club-international,$121043.74,Hospital/Nursing Management,NASDAQ
Godfree,gguilbertf7@flickr.com,5534368828907621,diners-club-us-ca,$365081.39,n/a,NYSE
Vinson,vgeanef8@nsw.gov.au,3571165475517664,jcb,$458080.80,n/a,NASDAQ
Ulberto,umattiazzif9@cpanel.net,5505651623636957,mastercard,$203634.67,n/a,NYSE
Wheeler,wriddingfa@time.com,56022106671368786,china-unionpay,$248472.42,Semiconductors,NASDAQ
Myrtle,mcalbaithefb@latimes.com,5893403739594773,maestro,$146044.54,n/a,NYSE
Willdon,wkrolfc@cyberchimps.com,3562530756728952,jcb,$80449.84,n/a,NASDAQ
Rabbi,rserrellfd@imgur.com,3560303224868657,jcb,$74122.94,Major Banks,NASDAQ
Babs,bspeerefe@nature.com,5602228651924332,bankcard,$48298.11,n/a,NYSE
Katine,kplayerff@bandcamp.com,5602258242460055473,china-unionpay,$394942.26,Ordnance And Accessories,NASDAQ
Kris,kramelfg@gizmodo.com,56022113016065259,china-unionpay,$269858.57,Commercial Banks,NASDAQ
Tanner,tsyversenfh@mozilla.org,3570952138809351,jcb,$181651.06,Motor Vehicles,NASDAQ
Horton,hgorchfi@businesswire.com,5574502243854957,diners-club-us-ca,$118396.26,Oil & Gas Production,NASDAQ
Jeremiah,jjanssonfj@abc.net.au,3562888219492818,jcb,$471516.48,Industrial Machinery/Components,NASDAQ
Sutherlan,sstealfoxfk@vkontakte.ru,343019700576016,americanexpress,$53093.48,Computer Software: Prepackaged Software,NYSE
Gabie,gdenmeadfl@cam.ac.uk,4508138988344120,visa-electron,$316986.06,Electrical Products,NYSE
Lidia,lquilliamfm@abc.net.au,201841631752999,diners-club-enroute,$226484.68,Investment Bankers/Brokers/Service,NASDAQ
Meggi,merrichellifn@loc.gov,5602230334721911,china-unionpay,$171813.80,Major Pharmaceuticals,NASDAQ
Meridith,msertinfo@narod.ru,3555131151870827,jcb,$448870.17,Real Estate Investment Trusts,NASDAQ
Waldo,wfallfp@howstuffworks.com,06045329303823568,maestro,$21817.10,Telecommunications Equipment,NYSE
Israel,ibroadfieldfq@vistaprint.com,3582769680779725,jcb,$350103.63,n/a,NASDAQ
Jojo,jhaslumfr@cpanel.net,6334235787986997,solo,$61251.60,Aerospace,NYSE
Bab,btombsfs@discovery.com,6396350858992561,instapayment,$411476.80,Mining & Quarrying of Nonmetallic Minerals (No Fuels),NYSE
Fredek,flyddiattft@buzzfeed.com,4844852161168733,visa-electron,$440270.45,Hotels/Resorts,NASDAQ
Lin,lgadsdonfu@va.gov,5100146028890076,mastercard,$381022.15,Computer peripheral equipment,NASDAQ
Jacqui,jploverfv@wikia.com,372301675315925,americanexpress,$320140.63,Power Generation,NYSE
Greggory,gclemitsfw@blogspot.com,3582148765733628,jcb,$257271.35,Telecommunications Equipment,NASDAQ
Ede,etraillfx@theglobeandmail.com,5007665310200078,mastercard,$191909.70,Major Pharmaceuticals,NASDAQ
Burr,bsodenfy@yellowbook.com,3530768237608919,jcb,$446023.98,n/a,NYSE
Nathan,nshambrookefz@squidoo.com,3569279499777602,jcb,$112222.97,Electric Utilities: Central,NASDAQ
Lemar,lpitkaithlyg0@dmoz.org,5100172629040499,mastercard,$60573.17,Radio And Television Broadcasting And Communications Equipment,NASDAQ
Ilyse,ibruckmanng1@chronoengine.com,6384781095726459,instapayment,$123997.68,Business Services,NYSE
Tannie,tdaughtryg2@wikia.com,4175008321831871,visa-electron,$182871.21,Building Materials,NASDAQ
Emily,eleadsg3@yellowpages.com,4017956762327639,visa,$346871.69,Diversified Commercial Services,NYSE
Staford,sbranchettg4@webs.com,5007660338866398,mastercard,$79749.54,Air Freight/Delivery Services,NYSE
Heddie,hkleiserg5@pagesperso-orange.fr,372301422398612,americanexpress,$6034.95,Electrical Products,NASDAQ
Mathe,mdartang6@mlb.com,5010126697429785,mastercard,$18884.01,Major Pharmaceuticals,NASDAQ
Dionisio,dkleinsingerg7@howstuffworks.com,3539610644261711,jcb,$119017.69,Oil & Gas Production,NYSE
Baillie,bmulcockg8@last.fm,36129587387262,diners-club-international,$354615.60,n/a,NYSE
Kaia,ksandyg9@cornell.edu,5002359069281209,mastercard,$17515.91,Radio And Television Broadcasting And Communications Equipment,NASDAQ
Herminia,hferriesga@4shared.com,3531756246314370,jcb,$495704.69,n/a,NYSE
Dorian,djearygb@freewebs.com,3576332224557632,jcb,$360812.76,Major Pharmaceuticals,NASDAQ
Devi,dbachelliergc@fastcompany.com,5568238938112355,diners-club-us-ca,$342735.07,Marine Transportation,NYSE
Emmott,ehenricgd@flavors.me,3540658175208590,jcb,$160457.69,Office Equipment/Supplies/Services,NASDAQ
Peggi,ptaphousege@patch.com,3562908690863673,jcb,$306131.32,n/a,NYSE
Rochette,rkiragf@umn.edu,3583658779522162,jcb,$468070.87,Business Services,NASDAQ
Lorri,ljubertgg@desdev.cn,3574310386896396,jcb,$217027.70,Savings Institutions,NYSE
Brianna,balldredgh@instagram.com,3550127585487654,jcb,$16647.97,Television Services,NASDAQ
Anet,abritchergi@sun.com,3528624379948759,jcb,$450555.06,Oil & Gas Production,NYSE
Manuel,mrowenagj@foxnews.com,3582130211690180,jcb,$163743.71,Major Banks,NASDAQ
Evelyn,edenisovichgk@nps.gov,4026063475204178,visa-electron,$235631.51,Integrated oil Companies,NASDAQ
Kermie,kphilipardgl@usda.gov,3566227884529263,jcb,$428154.67,Industrial Machinery/Components,NASDAQ
Yanaton,yfellowesgm@boston.com,6381141221645383,instapayment,$397041.85,Diversified Commercial Services,NYSE
Tildie,trustidgegn@multiply.com,3555036947919095,jcb,$59269.87,Oil & Gas Production,NYSE
Chauncey,cmucklowgo@reference.com,3540037572712449,jcb,$144630.52,Real Estate Investment Trusts,NYSE
Christophe,cgiannazzogp@hostgator.com,5572276564256165,mastercard,$375273.72,Oil Refining/Marketing,NYSE
Denise,dgutgq@smh.com.au,5435836949771738,diners-club-us-ca,$365460.75,Electric Utilities: Central,NYSE
Newton,nmuslagr@cdbaby.com,5020296908119596,maestro,$411439.49,Major Banks,NASDAQ
Cordelie,cflannerygs@imgur.com,633498131401624770,solo,$360726.50,Power Generation,NYSE
Hammad,hruitgt@timesonline.co.uk,4175000901804212,visa-electron,$495705.13,Clothing/Shoe/Accessory Stores,NASDAQ
Ive,iingarfieldgu@ox.ac.uk,6706482930148231062,laser,$263348.87,Industrial Machinery/Components,NASDAQ
Nanni,neddisongv@paypal.com,201983136290511,diners-club-enroute,$249423.91,Specialty Insurers,NYSE
Jerrome,jjerkegw@prweb.com,3535795612563067,jcb,$400867.24,Major Pharmaceuticals,NASDAQ
Gnni,glivingstongx@google.com.br,3528178313717465,jcb,$248656.14,Industrial Machinery/Components,NYSE
Halie,hwoodisongy@blinklist.com,5108758349849789,mastercard,$166689.23,Oil/Gas Transmission,NYSE
Guinevere,gbosketgz@who.int,30551358012694,diners-club-carte-blanche,$311298.28,Other Consumer Services,NYSE
Reina,rmoubrayh0@unblog.fr,3575082830914914,jcb,$63854.38,Computer Software: Prepackaged Software,NASDAQ
Adamo,ahugonneauh1@economist.com,5155288583970499,mastercard,$437515.94,Oil & Gas Production,NYSE
Timothee,tdarnbroughh2@sphinn.com,6709335575556671235,laser,$448180.64,Auto Manufacturing,NYSE
Loella,liczokvitzh3@icq.com,3555453709487619,jcb,$179415.19,Property-Casualty Insurers,NYSE
Broderic,bmoyseh4@wiley.com,374288296310153,americanexpress,$182595.47,n/a,NYSE
Igor,iwilcockeh5@pen.io,3544843745008128,jcb,$463231.72,Major Banks,NASDAQ
Ingmar,imoughtonh6@mayoclinic.com,5100141520470097,mastercard,$224243.30,Beverages (Production/Distribution),NYSE
Berry,btweedh7@examiner.com,5517695074231210,diners-club-us-ca,$318868.08,Oil & Gas Production,NYSE
Roselle,rknathh8@freewebs.com,67067081857174246,laser,$267588.67,Other Specialty Stores,NYSE
Onofredo,ocuncarrh9@smh.com.au,5010122955736326,mastercard,$213274.36,Homebuilding,NYSE
Anastasia,awhoolehanha@answers.com,3578502029543965,jcb,$357728.38,n/a,NASDAQ
Jose,jrushbyhb@dell.com,5602218045826186,bankcard,$39116.04,RETAIL: Building Materials,NASDAQ
Mel,mcolacohc@netscape.com,3542224837072623,jcb,$175139.64,Packaged Foods,NASDAQ
Elane,estellihd@gnu.org,201448035007705,diners-club-enroute,$450645.43,Biotechnology: Biological Products (No Diagnostic Substances),NASDAQ
Zsa zsa,zhaslinhe@yahoo.co.jp,4175006845727476,visa-electron,$204439.74,Multi-Sector Companies,NASDAQ
Free,fpeplawhf@fema.gov,3531514159128125,jcb,$10277.54,Real Estate Investment Trusts,NYSE
Lincoln,lspauntonhg@wikimedia.org,490500600126380117,switch,$342872.14,Major Pharmaceuticals,NYSE
Lou,lcasebornehh@storify.com,6761696329791598686,maestro,$61175.95,n/a,NYSE
Grannie,gfargiehi@sbwire.com,3585005946283336,jcb,$305317.31,Medical/Dental Instruments,NASDAQ
Derby,doheaneyhj@com.com,6304955033614384648,maestro,$196014.41,Consumer Electronics/Appliances,NASDAQ
Violet,vjansahk@simplemachines.org,30313195176566,diners-club-carte-blanche,$410990.29,n/a,NYSE
Forbes,fauchinleckhl@mayoclinic.com,3550850562007811,jcb,$387354.28,Major Banks,NYSE
Wilmette,wbalaamhm@cargocollective.com,4936789891447449273,switch,$275882.33,Electric Utilities: Central,NYSE
Witty,wdietmarhn@independent.co.uk,3543000795833753,jcb,$157844.40,Medical Specialities,NASDAQ
Lenard,llowensohnho@msu.edu,5100171663854955,mastercard,$226658.60,Broadcasting,NASDAQ
Keenan,krosenberghp@seesaa.net,3534295667774116,jcb,$355663.44,Radio And Television Broadcasting And Communications Equipment,NASDAQ
Lindy,ldadehq@un.org,341661889821416,americanexpress,$468419.90,Oilfield Services/Equipment,NASDAQ
Cris,cstollenbeckerhr@123-reg.co.uk,3529468035236756,jcb,$167807.27,Oil & Gas Production,NYSE
Henryetta,hhaimeshs@altervista.org,374288818980186,americanexpress,$383266.33,Business Services,NASDAQ
Clio,cblazyht@scientificamerican.com,3559985061204286,jcb,$315086.99,n/a,NASDAQ
Giff,gmordinhu@timesonline.co.uk,5565089188819196,diners-club-us-ca,$382820.18,Telecommunications Equipment,NASDAQ
Jessalin,jforshawhv@cargocollective.com,3538351844427585,jcb,$119205.68,Specialty Chemicals,NASDAQ
Minnaminnie,mkinnerhw@theguardian.com,3540957929333591,jcb,$411607.26,Electric Utilities: Central,NYSE
Farah,fsamsonhx@theguardian.com,6759315125269367,maestro,$407847.19,Finance: Consumer Services,NYSE
Amabelle,aenionhy@github.com,3532060490161200,jcb,$170990.56,n/a,NASDAQ
Aryn,akropachhz@va.gov,3548149737716538,jcb,$264238.74,Coal Mining,NYSE
Norry,ntoughi0@goodreads.com,201575214589705,diners-club-enroute,$213573.60,Ordnance And Accessories,NYSE
Brandea,bdelorti1@liveinternet.ru,3588574029913173,jcb,$116236.44,Major Banks,NYSE
Katina,kmaskreyi2@usa.gov,4175004317495573,visa-electron,$389488.29,Major Banks,NASDAQ
Laverne,lkaresi3@smugmug.com,6375449327495092,instapayment,$493617.99,Building Products,NASDAQ
Ynes,ydaughtryi4@ucoz.ru,6304464562958296,laser,$65968.47,Other Consumer Services,NYSE
Alison,adysoni5@howstuffworks.com,4508188695624611,visa-electron,$384009.28,EDP Services,NASDAQ
Radcliffe,relli6@photobucket.com,5100170698981924,mastercard,$110063.64,Business Services,NASDAQ
Allyson,amcblaini7@typepad.com,372301993993593,americanexpress,$65646.21,Major Banks,NASDAQ
Fancie,fvigrassi8@army.mil,3570904841136515,jcb,$318523.24,Major Pharmaceuticals,NASDAQ
Rudiger,rseamani9@vk.com,36804170181849,diners-club-international,$467970.54,n/a,NYSE
Dulcia,darthargia@wikimedia.org,3554586355668585,jcb,$82356.85,Telecommunications Equipment,NASDAQ
Jana,jzavattariib@sbwire.com,3551093676189055,jcb,$334673.30,Investment Bankers/Brokers/Service,NYSE
Winslow,wjulianic@java.com,5007669808990935,mastercard,$386829.82,Life Insurance,NYSE
Evy,emcclymondid@goodreads.com,5010125120171071,mastercard,$401315.53,Hotels/Resorts,NYSE
Colline,cvedmoreie@fc2.com,201910228131782,diners-club-enroute,$495288.12,Biotechnology: Biological Products (No Diagnostic Substances),NASDAQ
Emlynn,egillonif@spiegel.de,4508940462568938,visa-electron,$176042.75,Major Pharmaceuticals,NASDAQ
Sheff,swaseig@diigo.com,5602241339341837,bankcard,$171090.15,n/a,NYSE
Blair,ballawayih@comcast.net,30395217057460,diners-club-carte-blanche,$90607.00,n/a,NASDAQ
Gabi,gforrestillii@istockphoto.com,4911996817360612,switch,$870.26,Railroads,NASDAQ
Phineas,pgooldij@miitbeian.gov.cn,4917471835066702,visa-electron,$323366.65,Other Consumer Services,NASDAQ
Niven,nphilipeauik@admin.ch,3562336567537362,jcb,$386440.61,Business Services,NASDAQ
Elmer,edumbaril@umich.edu,6385112698776262,instapayment,$249969.51,Accident &Health Insurance,NYSE
Toddy,tmcjarrowim@msn.com,3554821402825494,jcb,$279971.41,Life Insurance,NYSE
Madonna,mbolsoverin@opera.com,3573997115583955,jcb,$330414.03,Railroads,NYSE
Humberto,hlevaneio@digg.com,56022260997861790,china-unionpay,$499413.20,Farming/Seeds/Milling,NASDAQ
Lenard,ljentgensip@a8.net,6767055077700341209,solo,$17234.80,Business Services,NASDAQ
Merla,mclampiniq@ucoz.ru,3529277411642408,jcb,$211062.42,n/a,NYSE
Gay,gharesignir@washington.edu,3583510807014458,jcb,$51353.35,n/a,NYSE
Susann,smayheadis@studiopress.com,3559969295457688,jcb,$200625.70,n/a,NYSE
Veronike,vivanonkoit@biblegateway.com,3582846688241401,jcb,$401460.38,Building Materials,NASDAQ
Cassandra,ccorradoiu@newyorker.com,3560709252285020,jcb,$96817.81,Precious Metals,NYSE
Carroll,cannesiv@360.cn,3553600671831784,jcb,$377506.89,Retail: Computer Software & Peripheral Equipment,NASDAQ
Tana,tbaggarleyiw@geocities.jp,3545810334336177,jcb,$211162.59,Telecommunications Equipment,NYSE
Constance,cbonhanix@forbes.com,3581352953471832,jcb,$374017.49,Electrical Products,NYSE
Trista,tplesingiy@irs.gov,3540631713967373,jcb,$237315.97,Air Freight/Delivery Services,NYSE
Morty,mduddridgeiz@nba.com,3587556967087004,jcb,$25055.43,Industrial Machinery/Components,NYSE
Etty,echellamj0@cnet.com,670687810017970023,laser,$367509.65,n/a,NASDAQ
Manny,mfinlaysonj1@rediff.com,5100140204114435,mastercard,$165064.19,n/a,NASDAQ
Louie,lbernaldezj2@msu.edu,63041905656938296,laser,$246636.86,n/a,NASDAQ
Milicent,mjuddj3@webs.com,4913432622879727,visa-electron,$202327.99,Hospital/Nursing Management,NASDAQ
Ellsworth,estaytej4@unc.edu,3553814983655969,jcb,$302827.44,Major Pharmaceuticals,NYSE
Shaughn,sbartrapj5@hibu.com,5048375253426000,mastercard,$218300.08,Telecommunications Equipment,NASDAQ
Marika,mmcdonaghj6@mac.com,5530615940954525,diners-club-us-ca,$215478.17,Restaurants,NASDAQ
Jerrold,jheggisonj7@java.com,3529553721274110,jcb,$379827.20,Biotechnology: Commercial Physical & Biological Resarch,NASDAQ
Fletcher,fgorwoodj8@tinypic.com,6331108395931460,switch,$70334.13,Automotive Aftermarket,NYSE
Joseito,jkaesmakersj9@cyberchimps.com,5602255867583628,china-unionpay,$360744.24,Other Specialty Stores,NASDAQ
Arlene,astonnellja@cam.ac.uk,3529803310120939,jcb,$207836.49,Other Consumer Services,NYSE
Edd,ekildayjb@slate.com,3570403414922369,jcb,$202265.73,n/a,NYSE
Padget,pdurtnelljc@ftc.gov,3588918828527819,jcb,$214932.18,Major Banks,NYSE
Parnell,pvanyushkinjd@cocolog-nifty.com,5373670849775604,mastercard,$372083.21,EDP Services,NYSE
Tessie,tsoutenje@sina.com.cn,5038207197025162,maestro,$483389.67,n/a,NYSE
Nikita,nshinfieldjf@deliciousdays.com,3580941583716771,jcb,$94308.92,Major Banks,NASDAQ
Estrella,ebatonjg@constantcontact.com,4041370066198516,visa,$141868.72,Business Services,NASDAQ
Feliks,fgaylorjh@opensource.org,3558324232172704,jcb,$268668.06,Oil Refining/Marketing,NYSE
Cymbre,crignallji@mlb.com,3571519045495241,jcb,$334895.33,Electric Utilities: Central,NYSE
Dionysus,dedowesjj@jigsy.com,5610140582906702,bankcard,$301422.87,Property-Casualty Insurers,NYSE
Geralda,gharpurjk@mashable.com,63042412591510008,maestro,$222514.12,Auto Parts:O.E.M.,NYSE
Milka,mbernaldojl@nhs.uk,3551360588421805,jcb,$141191.75,Other Specialty Stores,NASDAQ
Mommy,mnapolitanojm@aol.com,6761047968074869342,maestro,$353009.00,Home Furnishings,NASDAQ
Marcellina,mcluffjn@jigsy.com,3555015087845765,jcb,$101727.94,Finance: Consumer Services,NASDAQ
Farrah,fbrokjo@bigcartel.com,5548898114851103,diners-club-us-ca,$217170.60,Television Services,NASDAQ
Julia,jcrippesjp@sun.com,4898291912254,visa,$17158.82,Major Banks,NASDAQ
Laney,ltwamleyjq@ebay.com,6391489415632776,instapayment,$463078.92,Electrical Products,NASDAQ
Werner,wbolderojr@about.me,5641821882500636141,switch,$400661.07,n/a,NYSE
Phylis,pashtonhurstjs@chicagotribune.com,6771735605379887,laser,$252846.01,n/a,NYSE
Clarabelle,cdodgshunjt@geocities.com,633421238364615133,solo,$291852.72,Environmental Services,NASDAQ
Nelie,njindrichju@fastcompany.com,201910608544265,diners-club-enroute,$197138.58,Major Banks,NASDAQ
Ancell,abaujv@1und1.de,201442328892030,diners-club-enroute,$480931.80,Major Banks,NYSE
Tori,tdesboroughjw@toplist.cz,3556462015774957,jcb,$34324.76,n/a,NYSE
Raddie,raventjx@sciencedaily.com,5610945323710530,bankcard,$423457.18,Major Pharmaceuticals,NASDAQ
Kaine,kwandsjy@businessweek.com,4041374311280,visa,$19830.56,Oil & Gas Production,NYSE
Alidia,awasmuthjz@moonfruit.com,5020587610084304,maestro,$219544.97,Telecommunications Equipment,NASDAQ
Romy,rshucksmithk0@ameblo.jp,3535579624488376,jcb,$151183.02,Other Specialty Stores,NASDAQ
Yolande,ygillonk1@state.gov,6372436263790845,instapayment,$2619.18,Trucking Freight/Courier Services,NASDAQ
Gerhardine,gdaulbyk2@un.org,3534183870788372,jcb,$357164.68,Property-Casualty Insurers,NYSE
Ciro,cgolledgek3@tripadvisor.com,6304189480553040,maestro,$293910.32,Marine Transportation,NYSE
Noak,nbroadberryk4@java.com,3538644579021437,jcb,$91038.81,n/a,NYSE
Mathilde,msquibbesk5@i2i.jp,3584351832201110,jcb,$431235.70,Television Services,NASDAQ
Ailene,ajeannenetk6@jalbum.net,3543479774113470,jcb,$14532.81,Computer Software: Prepackaged Software,NASDAQ
Thurston,tmaffionik7@thetimes.co.uk,3537896904023964,jcb,$477794.32,Industrial Machinery/Components,NYSE
Bartholemy,bwrinchk8@redcross.org,3564179112604677,jcb,$435253.12,Biotechnology: Commercial Physical & Biological Resarch,NASDAQ
Fabian,fclealk9@unc.edu,3563575639536261,jcb,$191225.10,Business Services,NYSE
Lexine,lheleka@gravatar.com,30084152277412,diners-club-carte-blanche,$327948.08,Computer Software: Prepackaged Software,NASDAQ
Lorine,lphippkb@github.io,5002350512311826,mastercard,$13678.33,Steel/Iron Ore,NYSE
Carley,cfabbkc@intel.com,5108756765125478,mastercard,$247075.70,Home Furnishings,NYSE
Hector,hfaithfullkd@cloudflare.com,5327173129417655,mastercard,$375091.59,Major Banks,NASDAQ
Mira,mespinalke@npr.org,3571956620960118,jcb,$435222.09,Major Banks,NYSE
Ollie,osidnellkf@china.com.cn,5610163651004308,bankcard,$161545.44,Oilfield Services/Equipment,NASDAQ
Desmond,dshallikerkg@facebook.com,5100145878717371,mastercard,$130055.45,Industrial Machinery/Components,NYSE
Cosimo,cabramskh@booking.com,5602222485072756,bankcard,$16211.55,n/a,NYSE
Torrence,tmougenelki@irs.gov,3575450790531541,jcb,$191242.77,n/a,NYSE
Avery,adobrowskikj@umich.edu,3588043601276987,jcb,$3283.13,Precious Metals,NYSE
Delbert,dmongankk@apple.com,3547054656303063,jcb,$385407.04,Biotechnology: Biological Products (No Diagnostic Substances),NASDAQ
Donielle,dromkekl@shareasale.com,3546440308385254,jcb,$258108.23,n/a,NYSE
Alexandre,ajollimankm@myspace.com,06049102387959947,maestro,$21889.08,Home Furnishings,NYSE
Peyton,pgaskoinkn@rediff.com,3528824435216635,jcb,$438717.05,n/a,NASDAQ
Herculie,hneelyko@seattletimes.com,5215766510612050,mastercard,$439900.84,Real Estate,NYSE
Paulie,ptomeokp@acquirethisname.com,633353239108411518,switch,$53345.73,Computer Software: Prepackaged Software,NASDAQ
Harrie,hpatiencekq@quantcast.com,30126189117523,diners-club-carte-blanche,$48313.40,Real Estate Investment Trusts,NYSE
Lethia,lannionkr@ftc.gov,3579583395272636,jcb,$213494.75,n/a,NYSE
Ree,rdurnfordks@bravesites.com,30229100505451,diners-club-carte-blanche,$395723.85,Marine Transportation,NASDAQ
Patrizio,pfaseykt@mapquest.com,6392717745910382,instapayment,$380732.11,Medical Specialities,NASDAQ
Stan,swiggintonku@ca.gov,4911028010891287816,switch,$19894.88,Business Services,NYSE
Yankee,yfloreykv@free.fr,3589447090304110,jcb,$205991.65,EDP Services,NYSE
Juliann,jtrenouthkw@cbslocal.com,3564169572707565,jcb,$117890.66,Television Services,NYSE
Jerrylee,jmousleykx@cmu.edu,4905500396758325,switch,$47355.59,Business Services,NASDAQ
Ario,apatzeltky@addthis.com,5010123986443593,mastercard,$214207.04,n/a,NASDAQ
Emmery,evinallkz@omniture.com,3585915912542590,jcb,$495179.05,Major Pharmaceuticals,NASDAQ
Babbette,bcrassl0@phpbb.com,3563164736273621,jcb,$472917.36,Life Insurance,NASDAQ
Shir,smoodiel1@ox.ac.uk,6372134730452178,instapayment,$63288.80,Major Pharmaceuticals,NYSE
Daveen,dcameranal2@alexa.com,4903281768136802926,switch,$430853.47,n/a,NASDAQ
Kary,kegglestonl3@paginegialle.it,3544391825741952,jcb,$81634.85,n/a,NYSE
Phil,pblowersl4@wix.com,502071491814803888,maestro,$21029.55,Biotechnology: Biological Products (No Diagnostic Substances),NASDAQ
Joana,jmackowlel5@nbcnews.com,3568180850872183,jcb,$402229.44,n/a,NYSE
Avis,adolligonl6@thetimes.co.uk,5347994671272230,mastercard,$20298.42,n/a,NASDAQ
Collette,cflowethl7@google.de,3552440229739192,jcb,$449025.22,Computer Software: Prepackaged Software,NYSE
Orelee,otomalinl8@sciencedirect.com,0604973339527186021,maestro,$116063.70,n/a,NYSE
Colan,cbrandonl9@elegantthemes.com,3582384176979845,jcb,$461016.85,Computer Software: Prepackaged Software,NYSE
Maria,mshillingtonla@a8.net,6759179043351565486,switch,$228111.98,Major Banks,NYSE
Chrystel,cfiddlerlb@state.tx.us,56022399759680988,china-unionpay,$250896.54,Major Pharmaceuticals,NASDAQ
Mady,mkatzmannlc@digg.com,3552692809721624,jcb,$74992.50,Medical/Dental Instruments,NYSE
Marillin,mcrickld@fotki.com,5641823843469373025,switch,$354947.61,Major Pharmaceuticals,NASDAQ
Ardath,amugglestonle@rambler.ru,4026797705709965,visa-electron,$112591.42,Semiconductors,NASDAQ
Gray,gmabbittlf@godaddy.com,3530664065457745,jcb,$75105.69,EDP Services,NYSE
Abagail,arodgerlg@prlog.org,5007668112693466,mastercard,$111441.25,Investment Bankers/Brokers/Service,NASDAQ
Sibilla,scordielh@umn.edu,67620155840686373,maestro,$47349.65,Department/Specialty Retail Stores,NASDAQ
Rasla,rlavaldeli@unc.edu,3549872146472323,jcb,$329272.14,Engineering & Construction,NASDAQ
Charil,crakelj@businessweek.com,3581864729647909,jcb,$163006.84,Business Services,NASDAQ
Maurizio,mcrookshankslk@businessweek.com,6304081021979612,maestro,$104892.93,Recreational Products/Toys,NASDAQ
Leila,lblaydesll@google.co.jp,30305562044492,diners-club-carte-blanche,$466998.99,n/a,NYSE
Nobe,nleallelm@sogou.com,3549380413729615,jcb,$468922.94,Other Pharmaceuticals,NYSE
Thaine,tbilverstoneln@behance.net,201696558347938,diners-club-enroute,$291578.64,Major Pharmaceuticals,NASDAQ
Udell,uvinecombelo@topsy.com,4844605670004801,visa-electron,$353503.05,Medical Specialities,NASDAQ
Shir,smatteinilp@tmall.com,3584451202017417,jcb,$489163.49,Industrial Machinery/Components,NASDAQ
Sharity,smarianlq@arstechnica.com,3531183746604087,jcb,$386007.80,Computer Software: Prepackaged Software,NYSE
Sibilla,spummelllr@technorati.com,67593701314801726,maestro,$212260.25,Major Pharmaceuticals,NASDAQ
Claudio,caaronsohnls@macromedia.com,3548562746817628,jcb,$119606.58,Steel/Iron Ore,NYSE
Henryetta,hbethamlt@chron.com,201461184347459,diners-club-enroute,$295389.87,Electrical Products,NASDAQ
Burty,bgaveltonelu@weebly.com,5138080320602440,mastercard,$460550.35,n/a,NYSE
Aileen,afeedhamlv@yandex.ru,6304896796413301,laser,$219684.00,n/a,NYSE
Shalom,swiggamlw@uiuc.edu,5602254684743044,bankcard,$223955.86,Professional Services,NASDAQ
Stavro,sgianottilx@ucoz.ru,5018282173871859,maestro,$135318.28,Biotechnology: Electromedical & Electrotherapeutic Apparatus,NASDAQ
Morley,mmcveighly@gnu.org,4041592527927965,visa,$73091.00,n/a,NASDAQ
Abbey,agiordanolz@sbwire.com,5602231501084232,bankcard,$65468.21,Industrial Machinery/Components,NASDAQ
Shel,scamblingm0@woothemes.com,490580997554094043,switch,$367857.01,Major Banks,NASDAQ
Karoline,kearpm1@google.it,5002355707565060,mastercard,$142981.86,Newspapers/Magazines,NASDAQ
Irvine,iputsonm2@google.fr,5208347207252655,mastercard,$28337.69,n/a,NYSE
Land,ltrudem3@vkontakte.ru,5610458862333607,bankcard,$385798.80,Broadcasting,NASDAQ
Debbie,dgallonm4@ca.gov,3578301565932215,jcb,$75217.58,Major Pharmaceuticals,NASDAQ
Stephan,swortm5@sbwire.com,4026310578372828,visa-electron,$223799.24,Business Services,NASDAQ
Yank,ywinspurrm6@flickr.com,337941805239364,americanexpress,$49418.09,Real Estate Investment Trusts,NYSE
Paolina,ptrussmanm7@quantcast.com,3568837100775181,jcb,$151678.54,n/a,NYSE
Skyler,ssertinm8@reuters.com,5346051788806227,mastercard,$89228.41,Electric Utilities: Central,NYSE
Bren,bskirvenm9@eepurl.com,3571652864600441,jcb,$191665.39,Computer peripheral equipment,NASDAQ
Mozelle,mshipleyma@usa.gov,6331100643916070,switch,$101532.45,Real Estate Investment Trusts,NYSE
Kimberli,kmcvitiemb@xrea.com,3563472758308716,jcb,$202362.64,n/a,NYSE
Julie,jtreffreymc@slashdot.org,30396163107028,diners-club-carte-blanche,$434929.99,n/a,NYSE
Ivette,ibusstmd@scribd.com,5602256424571312,china-unionpay,$359669.26,Television Services,NYSE
Cati,ccausleyme@google.nl,3569299458176067,jcb,$292892.36,Industrial Machinery/Components,NASDAQ
Clotilda,cschneidarmf@hao123.com,3568217343278642,jcb,$237942.31,Coal Mining,NYSE
Herminia,hpichmannmg@scribd.com,4903068833887092009,switch,$113291.89,Telecommunications Equipment,NASDAQ
Andrew,afraynmh@comsenz.com,201977750296408,diners-club-enroute,$203582.82,Aerospace,NASDAQ
Cahra,cspridgenmi@lulu.com,5506768803481704,mastercard,$298793.15,Medical/Dental Instruments,NASDAQ
Granthem,gtruinmj@deliciousdays.com,3544491223551902,jcb,$26914.54,Major Banks,NASDAQ
Issiah,itunnicliffmk@merriam-webster.com,3552168534908596,jcb,$359835.79,Major Banks,NASDAQ
Josee,jrossiml@amazon.com,4041374347374045,visa,$165558.59,Transportation Services,NASDAQ
Maxim,mfluckermm@msn.com,4905552609101433965,switch,$243676.67,Marine Transportation,NYSE
Albertina,achesshyremn@technorati.com,201916140424973,diners-club-enroute,$24510.93,Major Pharmaceuticals,NASDAQ
Titos,tgilbridemo@msn.com,3560780044472838,jcb,$73086.72,Major Pharmaceuticals,NASDAQ
Ronda,rmusselwhitemp@plala.or.jp,3534178765533347,jcb,$78217.99,Telecommunications Equipment,NASDAQ
Ingrid,ibraggermq@wordpress.com,633308739222760274,switch,$451679.47,Banks,NYSE
Gilly,gbrooktonmr@nhs.uk,5020233505708025911,maestro,$126687.83,Semiconductors,NASDAQ
Teodor,tcherrisonms@epa.gov,4175004726937629,visa-electron,$280249.01,n/a,NYSE
Shalom,socallaghanmt@timesonline.co.uk,3568450650044709,jcb,$319785.90,EDP Services,NASDAQ
Kimmi,kwisammu@istockphoto.com,3575333664168626,jcb,$289790.94,Industrial Machinery/Components,NYSE
Katerine,kjoinsonmv@harvard.edu,3536537369136666,jcb,$463296.96,Major Banks,NASDAQ
Artair,achidzoymw@clickbank.net,675974699161798459,maestro,$73090.21,Property-Casualty Insurers,NASDAQ
Guillermo,gsemoninmx@photobucket.com,5010124639849707,mastercard,$364271.15,n/a,NYSE
Carlina,cgimertmy@sun.com,4905062541346985,switch,$480719.93,n/a,NYSE
Bibi,bvasnevmz@merriam-webster.com,30157084849662,diners-club-carte-blanche,$249260.81,n/a,NYSE
Jody,jstuddardn0@nifty.com,633110470532435013,switch,$426906.59,Restaurants,NYSE
Lezley,lloudyann1@time.com,3573845100876035,jcb,$416745.46,Telecommunications Equipment,NYSE
Neill,nmcclymondn2@qq.com,5445150514781744,mastercard,$61353.49,n/a,NASDAQ
Giustina,gmussolinin3@marketwatch.com,6763833430652869404,maestro,$341173.04,n/a,NYSE
Sandy,smantlen4@ezinearticles.com,3577034618495903,jcb,$324820.68,Hotels/Resorts,NASDAQ
Ethelbert,eabban5@networkadvertising.org,5108758770290099,mastercard,$154627.89,Biotechnology: In Vitro & In Vivo Diagnostic Substances,NASDAQ
Arabela,aboorn6@hexun.com,3565309002986079,jcb,$122030.13,Trucking Freight/Courier Services,NASDAQ
Packston,pfolken7@altervista.org,5602220982381381,bankcard,$29947.70,Major Pharmaceuticals,NASDAQ
Brietta,bpeakmann8@fc2.com,30548990590970,diners-club-carte-blanche,$22704.97,Electronic Components,NASDAQ
Myrtia,mblairn9@merriam-webster.com,3543990952568814,jcb,$219091.04,Finance: Consumer Services,NYSE
Izaak,ifachena@examiner.com,5165248464178750,mastercard,$278494.95,Biotechnology: Electromedical & Electrotherapeutic Apparatus,NASDAQ
Annmarie,amityakovnb@hatena.ne.jp,372301516233204,americanexpress,$41355.21,n/a,NYSE
Field,fbeloenc@pinterest.com,56022138825692225,china-unionpay,$262807.65,Steel/Iron Ore,NYSE
Sterling,sgathercoalnd@alibaba.com,491184118690025340,switch,$447522.81,Industrial Machinery/Components,NYSE
Merlina,mchestlene@nifty.com,3566603737819343,jcb,$398948.19,n/a,NYSE
Penelope,pbrandlinf@elpais.com,5602234483955525435,china-unionpay,$465353.74,Hospital/Nursing Management,NYSE
Rollo,rlowryng@friendfeed.com,677192956195919507,laser,$253373.55,Shoe Manufacturing,NYSE
Laughton,lchesonnh@infoseek.co.jp,3530893868729592,jcb,$373415.49,n/a,NYSE
Mohandis,mcrosthwaiteni@ycombinator.com,6334223815021615,solo,$211573.18,n/a,NASDAQ
Timothy,tmcilveennj@squidoo.com,3559639789929878,jcb,$127557.77,Trucking Freight/Courier Services,NYSE
Curtice,clitherboroughnk@phpbb.com,3538641257575056,jcb,$330801.89,Broadcasting,NYSE
Elva,erudhamnl@stumbleupon.com,3568510587696952,jcb,$72863.36,n/a,NASDAQ
Salomon,smannanm@thetimes.co.uk,201563718716164,diners-club-enroute,$226628.75,Farming/Seeds/Milling,NASDAQ
Zena,zbrounenn@vk.com,6759503987097329,maestro,$209513.16,Investment Bankers/Brokers/Service,NASDAQ
Titus,tlandsbergno@google.com.au,3545077653944748,jcb,$168851.20,n/a,NYSE
Cirilo,claughtonnp@a8.net,633110835039804012,switch,$115137.09,Semiconductors,NYSE
Mayne,mmavingnq@vimeo.com,4089672618930,visa,$44237.59,Real Estate Investment Trusts,NYSE
Wernher,wdevittnr@uiuc.edu,30222835546247,diners-club-carte-blanche,$30508.84,Recreational Products/Toys,NYSE
Buiron,bsymondsns@boston.com,56022325847631816,china-unionpay,$338573.68,Real Estate Investment Trusts,NYSE
Wolfgang,wdrabblent@wordpress.org,3552045817805394,jcb,$343895.16,n/a,NYSE
Hester,hbruntnu@phoca.cz,372301384791986,americanexpress,$225757.08,General Bldg Contractors - Nonresidential Bldgs,NYSE
Lyn,lramelotnv@bizjournals.com,5602217570569286,bankcard,$479596.01,Publishing,NYSE
Wileen,wkingsworthnw@diigo.com,201984140941495,diners-club-enroute,$26555.70,n/a,NYSE
Shirleen,smccaignx@flavors.me,4041599312940087,visa,$46149.65,n/a,NASDAQ
Mina,mroistoneny@pcworld.com,4175004757938967,visa-electron,$310019.45,n/a,NASDAQ
Rainer,rbraithwaitenz@admin.ch,5100178870917921,mastercard,$231665.35,n/a,NASDAQ
Paola,pmcmyloro0@theatlantic.com,30133305807169,diners-club-carte-blanche,$355181.92,Telecommunications Equipment,NASDAQ
Daisy,dzorzettio1@blog.com,3564344173601034,jcb,$341106.31,n/a,NYSE
Filberto,fpalffreyo2@nba.com,343419506090347,americanexpress,$415052.64,Investment Managers,NYSE
Ennis,egayleo3@cbslocal.com,3568043945984084,jcb,$389532.71,n/a,NASDAQ
Kissiah,kskinno4@list-manage.com,5602235686047211,bankcard,$369141.17,Power Generation,NYSE
Diann,dcribbino5@ocn.ne.jp,3585955404625339,jcb,$207611.56,Meat/Poultry/Fish,NASDAQ
Lianne,lsorelo6@biglobe.ne.jp,3549609370742215,jcb,$341581.09,Homebuilding,NYSE
Roldan,rullyotto7@omniture.com,5641824616423435836,switch,$12165.58,Precious Metals,NYSE
Amalia,arockwillo8@mapquest.com,3564162402210835,jcb,$8159.60,Business Services,NASDAQ
Enrika,esummerleeo9@free.fr,6331101962438301808,switch,$251272.62,n/a,NYSE
Flori,frettieoa@hostgator.com,3571381661240744,jcb,$212060.68,EDP Services,NYSE
Crosby,cpringuerob@nih.gov,3546127559667718,jcb,$447528.90,Property-Casualty Insurers,NYSE
Kris,kvannozziioc@theguardian.com,6393461431366521,instapayment,$180027.04,Business Services,NYSE
Anne,aleportod@ft.com,3536118601847624,jcb,$463623.33,Medical/Nursing Services,NASDAQ
Britt,bprowseoe@over-blog.com,564182537241861885,switch,$16894.02,Biotechnology: Biological Products (No Diagnostic Substances),NASDAQ
Edyth,elagesof@vkontakte.ru,56022420678190477,china-unionpay,$244100.12,Power Generation,NYSE
Brenn,bshenfischog@liveinternet.ru,67638324984191588,maestro,$467303.05,Business Services,NASDAQ
Samara,sdurradoh@mit.edu,3536725050312353,jcb,$209698.52,Major Pharmaceuticals,NASDAQ
Lindsay,lsmithendoi@eventbrite.com,3537898567934131,jcb,$272165.78,Major Pharmaceuticals,NASDAQ
Kate,kwebbenoj@yahoo.co.jp,675995857312866923,switch,$122742.64,Metal Fabrications,NYSE
Vito,vginglesok@ed.gov,3576312637459220,jcb,$247183.67,Major Pharmaceuticals,NASDAQ
Francine,ffumagallool@freewebs.com,3535265507342043,jcb,$111331.20,Diversified Commercial Services,NASDAQ
Lena,lponcetom@technorati.com,372301134460585,americanexpress,$15707.73,Property-Casualty Insurers,NASDAQ
Gino,gmeachenon@rediff.com,3563754692761310,jcb,$357372.20,Building Materials,NYSE
Norma,nciubutarooo@msn.com,6389011234696743,instapayment,$168013.54,Restaurants,NASDAQ
Aland,aparrissop@nyu.edu,06042415705882485,maestro,$168162.07,Major Chemicals,NASDAQ
Lydia,lwottonoq@jimdo.com,3583454663499521,jcb,$250955.60,Miscellaneous,NASDAQ
Brose,bbasshamor@creativecommons.org,6334334249732646317,solo,$460204.91,Natural Gas Distribution,NYSE
Sula,sdegoyos@instagram.com,490594926992176165,switch,$402733.87,n/a,NASDAQ
Dwayne,dwynesot@redcross.org,3576206451305271,jcb,$183761.93,n/a,NASDAQ
Delmar,ddrinkallou@list-manage.com,676217613882214949,maestro,$183941.27,Major Pharmaceuticals,NASDAQ
Edith,ehalbardov@samsung.com,4096428329439160,visa,$233379.33,Transportation Services,NASDAQ
Osbourn,omcgillecoleow@usgs.gov,4041373675743,visa,$119431.62,Commercial Banks,NYSE
Erhard,efeldox@reference.com,490570635496990850,switch,$377326.37,n/a,NASDAQ
Hillie,hhaneyoy@github.io,36132333261799,diners-club-international,$404036.70,Farming/Seeds/Milling,NYSE
Trumaine,tdaillyoz@va.gov,3549150339943719,jcb,$119246.08,Real Estate Investment Trusts,NYSE
Analise,ascrowstonp0@nps.gov,4917585337244911,visa-electron,$436678.53,Catalog/Specialty Distribution,NASDAQ
Manda,mabysp1@nsw.gov.au,5505532747058197,mastercard,$323283.68,Biotechnology: Laboratory Analytical Instruments,NASDAQ
Goddard,gbygrovep2@census.gov,4026800094245698,visa-electron,$293706.97,Electric Utilities: Central,NYSE
Penny,plamballp3@virginia.edu,3543380448318497,jcb,$158653.86,Home Furnishings,NYSE
Quinn,qhuttleyp4@elpais.com,374288728100057,americanexpress,$397359.49,Hotels/Resorts,NYSE
Derwin,dderrellp5@dedecms.com,5048371276045703,mastercard,$406101.28,Electrical Products,NASDAQ
Benjamin,byannikovp6@mozilla.org,5100174295052261,mastercard,$1440.09,Professional Services,NASDAQ
Ringo,rgeldartp7@usa.gov,3579173015024227,jcb,$276716.80,Medical/Dental Instruments,NASDAQ
De witt,dcamockep8@printfriendly.com,374288340247062,americanexpress,$365449.42,Biotechnology: In Vitro & In Vivo Diagnostic Substances,NASDAQ
Hagan,hgreedp9@home.pl,3528547171756775,jcb,$331756.70,Television Services,NASDAQ
Clayborn,cwackleypa@npr.org,30025681429685,diners-club-carte-blanche,$267135.72,Medical/Dental Instruments,NASDAQ
Walden,wwestbrookpb@google.de,67069202776024183,laser,$390658.47,n/a,NASDAQ
Bayard,bwardellpc@jalbum.net,5485248344510365,diners-club-us-ca,$194594.50,n/a,NASDAQ
Renato,rgibbinpd@ycombinator.com,3537391312176554,jcb,$207113.99,Auto Parts:O.E.M.,NYSE
Hesther,hspeekpe@ox.ac.uk,3585060275044981,jcb,$11464.78,Beverages (Production/Distribution),NASDAQ
Leroi,lbrabbenpf@chronoengine.com,5532018698100326,diners-club-us-ca,$216298.14,Integrated oil Companies,NYSE
Philip,prooksbypg@home.pl,6391306782852375,instapayment,$253731.58,Industrial Machinery/Components,NASDAQ
Jacquette,jtapinph@reuters.com,5048378051416447,mastercard,$201747.61,Fluid Controls,NYSE
Falito,fdenholmpi@accuweather.com,5100137364520377,mastercard,$229125.67,Beverages (Production/Distribution),NYSE
Neall,nbearnepj@jiathis.com,201889499195280,diners-club-enroute,$166643.05,Major Chemicals,NASDAQ
Nanon,nposselwhitepk@prnewswire.com,3534010605276946,jcb,$372813.18,Telecommunications Equipment,NYSE
Tammy,tstollmeierpl@wikimedia.org,3552594307189793,jcb,$173714.18,Major Banks,NASDAQ
Adelaide,atorrespm@instagram.com,201416334706178,diners-club-enroute,$225628.55,Integrated oil Companies,NYSE
Cedric,cbreakeypn@sun.com,3530578264115849,jcb,$253835.63,Major Pharmaceuticals,NASDAQ
Tomkin,trallinshawpo@comsenz.com,5610466188573889,bankcard,$71187.94,Major Pharmaceuticals,NYSE
Leila,lwalduckpp@noaa.gov,3569677518293768,jcb,$184600.58,Telecommunications Equipment,NYSE
Eugine,ecrudgepq@google.cn,3568072728584266,jcb,$240828.46,Real Estate Investment Trusts,NYSE
Darwin,dpardypr@msn.com,3550509743914598,jcb,$340775.77,Environmental Services,NASDAQ
Lowe,lgawthropeps@shop-pro.jp,3546218668475190,jcb,$229693.38,Major Chemicals,NYSE
Garth,gbesspt@imgur.com,3540563654290111,jcb,$351628.66,Major Banks,NASDAQ
Zelda,zgrigoryevpu@wordpress.com,371277863467960,americanexpress,$79644.42,Business Services,NASDAQ
Lauren,lreadittpv@stumbleupon.com,5110859830070426,mastercard,$257527.81,Major Banks,NASDAQ
Harry,hlecointepw@patch.com,4041372741776120,visa,$91310.48,Oilfield Services/Equipment,NYSE
Davidson,dcramepx@photobucket.com,3536588945216142,jcb,$279142.08,Packaged Foods,NASDAQ
Jobie,jpilcherpy@storify.com,4041372076893,visa,$234989.90,Apparel,NASDAQ
Colan,ctantpz@arizona.edu,3574727109226710,jcb,$360661.03,Major Banks,NASDAQ
Laurens,ligounetq0@cocolog-nifty.com,3546559878514553,jcb,$202750.66,n/a,NASDAQ
Kirstyn,kgotcliffeq1@google.fr,36366472881070,diners-club-international,$422648.88,Home Furnishings,NYSE
Philis,pgregsonq2@apple.com,56022445177644898,china-unionpay,$41975.64,Industrial Machinery/Components,NASDAQ
Grata,gfoysterq3@wikia.com,3571351780466538,jcb,$355887.77,"Computer Software: Programming, Data Processing",NASDAQ
Alys,amarcoolynq4@archive.org,374452680610970,americanexpress,$33409.82,Consumer Electronics/Appliances,NYSE
Kalie,kassirattiq5@plala.or.jp,6390325480334867,instapayment,$215119.60,Recreational Products/Toys,NASDAQ
Charmine,ctezureq6@usda.gov,502026473034336804,maestro,$438380.19,Major Banks,NASDAQ
Hollie,hdibdaleq7@mlb.com,374288670944981,americanexpress,$442376.80,n/a,NYSE
Sabra,strustyq8@va.gov,3551067708412909,jcb,$441269.90,Computer Software: Prepackaged Software,NASDAQ
Hendrick,hklaffq9@upenn.edu,670655040845494271,laser,$212210.90,Business Services,NASDAQ
Tracie,tlloydqa@ning.com,6331103492697519997,switch,$326689.80,n/a,NYSE
Mickie,mcatorqb@google.co.uk,6334720063335693598,solo,$137762.62,n/a,NASDAQ
Birdie,bcornelsqc@reverbnation.com,3548963163174271,jcb,$308032.64,Oil & Gas Production,NYSE
Jehanna,jrumminqd@studiopress.com,3564507921403313,jcb,$72132.44,Industrial Machinery/Components,NYSE
Stillmann,sswatheridgeqe@unc.edu,501892942579630212,maestro,$314807.76,Property-Casualty Insurers,NYSE
Gaelan,gtonkinsonqf@odnoklassniki.ru,5610280748129102,bankcard,$102386.70,Clothing/Shoe/Accessory Stores,NYSE
Krissy,kgreenheadqg@youku.com,67622804019080698,maestro,$139.11,Catalog/Specialty Distribution,NASDAQ
Jeff,jweatherburnqh@123-reg.co.uk,6304393724843193483,maestro,$56904.83,Computer Software: Prepackaged Software,NYSE
Jocko,jespyqi@tinyurl.com,3575287573671130,jcb,$237745.62,n/a,NYSE
Brittani,bnutterqj@google.com.hk,3575700028000572,jcb,$487244.34,n/a,NASDAQ
Crissy,croughqk@loc.gov,63040974802426227,maestro,$358937.14,Investment Managers,NYSE
Madelin,mninottiql@bigcartel.com,3575236274863454,jcb,$190298.99,Computer Software: Prepackaged Software,NASDAQ
Moll,mbarkleyqm@cpanel.net,3588666153741956,jcb,$171583.05,Diversified Commercial Services,NYSE
Lyn,lcurryqn@theguardian.com,4405263590999899,visa-electron,$442699.45,Real Estate Investment Trusts,NYSE
Marilee,mcaldairouqo@europa.eu,50184629046636683,maestro,$284396.48,Power Generation,NASDAQ
Stoddard,sbownqp@weebly.com,3539997685673080,jcb,$466592.04,n/a,NYSE
Shaine,sbamberyqq@i2i.jp,201555822740718,diners-club-enroute,$356138.22,Professional Services,NYSE
Emalia,edungeyqr@shutterfly.com,6395054297606391,instapayment,$168171.22,Aerospace,NYSE
Ferdinand,fhassardqs@acquirethisname.com,3545868559119728,jcb,$344674.20,Major Pharmaceuticals,NASDAQ
Yasmin,yskittlesqt@usda.gov,3577729362681695,jcb,$401272.95,n/a,NYSE
Mike,mbednellqu@blog.com,3584114995157929,jcb,$485744.54,Coal Mining,NASDAQ
Marilee,mvenesqv@yolasite.com,3566836378482043,jcb,$86966.73,n/a,NYSE
Elise,emunnionqw@businessweek.com,5602247848603666,bankcard,$468588.99,Medical/Nursing Services,NASDAQ
Cassondra,cwarrenqx@de.vu,5100172717083989,mastercard,$305144.26,Food Distributors,NYSE
Inge,ipopescuqy@tinypic.com,337941875022567,americanexpress,$426496.01,Real Estate Investment Trusts,NASDAQ
Hale,hloraitqz@mediafire.com,5602256433524666,china-unionpay,$489500.25,Business Services,NYSE
Thomasa,tdelgardor0@yellowbook.com,374283697202604,americanexpress,$138221.66,Computer Software: Prepackaged Software,NASDAQ
Pembroke,pgaskoinr1@amazon.co.uk,3568658913699800,jcb,$334038.82,Major Banks,NYSE
Corbin,cnelmesr2@hostgator.com,5108757227137614,mastercard,$10930.74,Major Banks,NASDAQ
Dorothee,dberryr3@theatlantic.com,3538219912090447,jcb,$417944.57,n/a,NYSE
Leeann,lbaulkr4@woothemes.com,676734905991797218,solo,$461707.34,Major Pharmaceuticals,NASDAQ
Ronald,rmournianr5@globo.com,4017955681988174,visa,$49429.77,Major Pharmaceuticals,NASDAQ
Astrix,acavendishr6@springer.com,5007660749099811,mastercard,$288168.23,n/a,NYSE
Leyla,lstanwixr7@blogspot.com,3570491477448323,jcb,$220429.74,Electric Utilities: Central,NYSE
Rafaelia,rmcgawnr8@sciencedaily.com,3587745571705867,jcb,$36983.22,Business Services,NASDAQ
Shanda,swyther9@naver.com,36207180314287,diners-club-international,$298477.00,Farming/Seeds/Milling,NASDAQ
Lotty,lsimmenra@admin.ch,374622450341846,americanexpress,$111966.37,Food Distributors,NASDAQ
Sophey,smellorrb@bravesites.com,493600083945474887,switch,$221499.73,Semiconductors,NASDAQ
Arie,aguinnrc@weebly.com,3547793733483352,jcb,$394008.32,n/a,NYSE
Melany,maskewrd@arizona.edu,5002355776109386,mastercard,$112725.13,Retail: Computer Software & Peripheral Equipment,NYSE
Bastien,btwitchettre@sciencedirect.com,56022143880255587,china-unionpay,$186292.26,Other Pharmaceuticals,NASDAQ
Jany,jmoensrf@dyndns.org,5007666331060087,mastercard,$416156.34,Business Services,NYSE
Josie,jdematteirg@oracle.com,564182607375529275,switch,$19954.81,Meat/Poultry/Fish,NYSE
Pavlov,paxelbeyrh@engadget.com,3547551556755565,jcb,$208765.27,Oil & Gas Production,NYSE
Land,lcarikri@simplemachines.org,3539923861897707,jcb,$136252.49,Building Materials,NASDAQ
Peggy,pchapirorj@patch.com,3529520045826941,jcb,$28755.49,n/a,NYSE
Mary,mwhallrk@behance.net,6709682247638170,laser,$256806.32,Savings Institutions,NASDAQ
Eldredge,ewollastonrl@diigo.com,30237066968274,diners-club-carte-blanche,$438010.85,Hospital/Nursing Management,NASDAQ
Zilvia,zegdalerm@lulu.com,5610647946301115,china-unionpay,$352897.62,Savings Institutions,NASDAQ
Rutherford,rferrieresrn@comcast.net,3549919648725482,jcb,$257316.28,Computer Software: Prepackaged Software,NYSE
Daphne,dwarbyro@craigslist.org,3538378931352194,jcb,$89708.49,Biotechnology: Biological Products (No Diagnostic Substances),NASDAQ
Marlena,mmapprp@rediff.com,6378458844490392,instapayment,$183562.69,Metal Fabrications,NYSE
Gabriel,gbeaginrq@blog.com,6709126013435023,laser,$21778.27,Semiconductors,NASDAQ
Miriam,mrijkeseisrr@bluehost.com,3567984739708943,jcb,$229204.83,n/a,NYSE
